City_ID,City,Country,Date,Lat,Lng,Max Temp,Humidity,Cloudiness,Wind Speed
0,Busselton,AU,2021-01-20 21:04:31,-33.65,115.3333,64.99,89,6,3.0
1,Punta Arenas,CL,2021-01-20 21:08:11,-53.15,-70.9167,62.6,45,0,23.02
2,Puerto Ayora,EC,2021-01-20 21:05:08,-0.7393,-90.3518,86.0,62,20,9.22
3,Port Elizabeth,ZA,2021-01-20 21:06:21,-33.918,25.5701,69.01,77,2,5.01
4,Ushuaia,AR,2021-01-20 21:08:12,-54.8,-68.3,62.6,31,40,5.75
5,Ilulissat,GL,2021-01-20 21:08:12,69.2167,-51.1,21.2,73,100,2.3
6,Axim,GH,2021-01-20 21:08:12,4.8699,-2.2405,79.03,86,100,8.63
7,Yellowknife,CA,2021-01-20 21:08:12,62.456,-114.3525,-0.99,71,90,9.22
8,Nola,IT,2021-01-20 21:08:12,40.922,14.5329,50.0,80,89,1.01
9,Goba,ET,2021-01-20 21:08:12,7.0167,39.9833,51.3,47,87,1.88
10,Mwinilunga,ZM,2021-01-20 21:08:12,-11.7358,24.4293,63.27,93,100,2.17
11,Sliema,MT,2021-01-20 21:08:12,35.9125,14.5019,57.0,67,40,9.22
12,Laguna,US,2021-01-20 21:08:13,38.421,-121.4238,64.4,20,1,4.61
13,Garowe,SO,2021-01-20 21:08:13,8.4054,48.4845,72.54,72,36,13.76
14,Xining,CN,2021-01-20 21:08:13,36.6167,101.7667,22.06,67,89,1.99
15,Baikunthpur,IN,2021-01-20 21:08:13,23.25,82.55,53.83,49,0,3.36
16,Carnarvon,AU,2021-01-20 21:08:13,-24.8667,113.6333,77.0,94,40,14.97
17,Alofi,NU,2021-01-20 21:08:13,-19.0595,-169.9187,86.0,37,75,6.91
18,Kenai,US,2021-01-20 21:08:13,60.5544,-151.2583,33.01,80,90,14.97
19,Ponta Do Sol,PT,2021-01-20 21:08:14,32.6667,-17.1,60.01,72,41,1.01
20,Hobart,AU,2021-01-20 21:06:26,-42.8794,147.3294,51.01,87,0,6.91
21,Salinopolis,BR,2021-01-20 21:08:14,-0.6136,-47.3561,79.25,83,100,6.8
22,Faizabad,IN,2021-01-20 21:08:14,26.7833,82.1333,52.48,62,0,7.43
23,Cidreira,BR,2021-01-20 21:06:48,-30.1811,-50.2056,74.07,74,69,12.93
24,Castro,BR,2021-01-20 21:08:14,-24.7911,-50.0119,67.53,94,100,3.78
25,Johi,PK,2021-01-20 21:08:14,26.6921,67.6133,59.02,36,0,2.89
26,Mahebourg,MU,2021-01-20 21:08:15,-20.4081,57.7,78.8,94,40,4.61
27,Puerto Escondido,MX,2021-01-20 21:08:15,15.85,-97.0667,84.2,70,20,8.05
28,Kapaa,US,2021-01-20 21:08:15,22.0752,-159.319,77.0,78,90,12.66
29,Carutapera,BR,2021-01-20 21:08:15,-1.195,-46.02,77.27,88,100,5.88
30,Hermanus,ZA,2021-01-20 21:08:15,-34.4187,19.2345,66.0,78,4,5.01
31,Grindavik,IS,2021-01-20 21:08:16,63.8424,-22.4338,28.4,74,75,25.32
32,Cap Malheureux,MU,2021-01-20 21:08:16,-19.9842,57.6142,81.0,84,33,3.0
33,Namatanai,PG,2021-01-20 21:08:16,-3.6667,152.4333,80.47,69,91,6.17
34,Kaliganj,BD,2021-01-20 21:08:16,23.4095,89.1402,61.0,56,0,6.04
35,Saint-Francois,FR,2021-01-20 21:08:16,46.4154,3.9054,53.6,54,0,24.16
36,Atuona,PF,2021-01-20 21:08:16,-9.8,-139.0333,77.88,76,48,16.42
37,Elizabethtown,US,2021-01-20 21:05:43,37.694,-85.8591,39.99,41,1,8.05
38,Mbengwi,CM,2021-01-20 21:08:16,6.0167,10.0,64.24,32,16,1.21
39,Diamantino,BR,2021-01-20 21:08:17,-14.4086,-56.4461,82.2,79,80,3.22
40,Labuhan,ID,2021-01-20 21:08:17,-6.8844,112.2051,78.06,86,100,5.17
41,Awbari,LY,2021-01-20 21:08:17,26.5921,12.7805,47.32,54,0,7.23
42,Walvis Bay,NA,2021-01-20 21:08:17,-22.9575,14.5053,69.01,82,21,5.75
43,Norman Wells,CA,2021-01-20 21:08:17,65.282,-126.8329,8.6,85,90,2.3
44,Saint-Philippe,RE,2021-01-20 21:08:17,-21.3585,55.7679,82.4,74,90,3.44
45,Batticaloa,LK,2021-01-20 21:08:17,7.7102,81.6924,77.88,85,6,3.56
46,Tessalit,ML,2021-01-20 21:08:18,20.1986,1.0114,62.98,25,51,11.95
47,Faya,SA,2021-01-20 21:08:18,18.3851,42.4509,55.4,76,0,1.52
48,Alyangula,AU,2021-01-20 21:08:18,-13.8483,136.4192,80.6,100,40,4.61
49,San Jose,US,2021-01-20 21:03:47,37.3394,-121.895,68.0,16,1,3.83
50,Mataura,NZ,2021-01-20 21:08:18,-46.1927,168.8643,52.0,90,84,14.0
51,Mayo,US,2021-01-20 21:08:18,38.8876,-76.5119,42.8,33,1,12.66
52,Bagotville,AU,2021-01-20 21:08:19,-28.9833,153.4167,68.0,88,90,4.61
53,Asau,RO,2021-01-20 21:08:19,46.4333,26.4,32.0,93,0,8.05
54,Albany,US,2021-01-20 21:06:37,42.6001,-73.9662,28.99,44,53,5.99
55,Zhigansk,RU,2021-01-20 21:08:19,66.7697,123.3711,-44.5,76,100,5.97
56,Namibe,AO,2021-01-20 21:08:19,-15.1961,12.1522,72.59,73,99,8.28
57,Caravelas,BR,2021-01-20 21:08:19,-17.7125,-39.2481,78.3,71,0,5.91
58,Thompson,CA,2021-01-20 21:08:19,55.7435,-97.8558,1.4,78,90,13.8
59,Sola,VU,2021-01-20 21:08:20,-13.8833,167.55,82.44,71,58,3.62
60,Kasamwa,TZ,2021-01-20 21:08:20,-2.85,32.4333,66.79,84,89,2.73
61,Dikson,RU,2021-01-20 21:08:20,73.5069,80.5464,-6.0,92,100,7.27
62,Salalah,OM,2021-01-20 21:03:59,17.0151,54.0924,69.8,35,0,3.44
63,Palmer,US,2021-01-20 21:08:20,42.1584,-72.3287,33.01,57,86,11.79
64,Itacarambi,BR,2021-01-20 21:08:20,-15.1022,-44.0919,78.91,53,0,1.68
65,Burgersdorp,ZA,2021-01-20 21:08:20,-30.9977,26.3286,67.03,67,0,8.34
66,Cape Town,ZA,2021-01-20 21:07:52,-33.9258,18.4232,66.99,77,0,17.27
67,Vaini,TO,2021-01-20 21:08:21,-21.2,-175.2,84.2,84,75,10.36
68,Bluff,NZ,2021-01-20 21:08:21,-46.6,168.3333,52.0,90,88,14.0
69,Jamestown,US,2021-01-20 21:08:21,42.097,-79.2353,21.99,73,90,17.27
70,Guider,CM,2021-01-20 21:08:21,9.9342,13.9486,73.33,20,0,8.37
71,Fortuna,US,2021-01-20 21:08:21,40.5982,-124.1573,62.01,33,1,3.96
72,Flin Flon,CA,2021-01-20 21:08:21,54.7682,-101.865,17.6,79,90,10.36
73,Kruisfontein,ZA,2021-01-20 21:08:21,-34.0033,24.7314,69.01,77,21,5.01
74,Gaoual,GN,2021-01-20 21:08:22,11.75,-13.2,77.41,16,27,1.97
75,Qaanaaq,GL,2021-01-20 21:08:22,77.484,-69.3632,26.42,88,100,14.81
76,Redlands,US,2021-01-20 21:04:20,34.0556,-117.1825,73.4,23,20,9.22
77,Kungurtug,RU,2021-01-20 21:08:22,50.5994,97.5228,0.32,86,53,0.87
78,Mehamn,NO,2021-01-20 21:08:22,71.0357,27.8492,19.4,93,90,3.44
79,Bredasdorp,ZA,2021-01-20 21:08:22,-34.5322,20.0403,66.2,72,32,9.22
80,Longyearbyen,SJ,2021-01-20 21:08:22,78.2186,15.6401,17.6,57,40,19.57
81,Narsaq,GL,2021-01-20 21:08:22,60.9167,-46.05,37.4,28,45,23.02
82,Dong Hoi,VN,2021-01-20 21:08:23,17.4833,106.6,66.34,86,100,2.57
83,Vardo,NO,2021-01-20 21:08:23,70.3705,31.1107,24.8,54,75,18.41
84,Geraldton,AU,2021-01-20 21:08:23,-28.7667,114.6,75.2,78,90,13.8
85,Moroto,UG,2021-01-20 21:08:23,2.5345,34.6666,71.47,44,100,6.6
86,Harper,LR,2021-01-20 21:08:23,4.375,-7.7169,79.18,81,37,4.56
87,Swan River,CA,2021-01-20 21:08:23,52.1058,-101.2676,35.6,75,100,13.8
88,Rikitea,PF,2021-01-20 21:08:23,-23.1203,-134.9692,78.4,75,3,14.34
89,Fayaoue,NC,2021-01-20 21:08:24,-20.65,166.5333,79.16,77,100,20.45
90,Kloulklubed,PW,2021-01-20 21:08:24,7.0419,134.2556,80.6,83,75,9.22
91,Zhovti Vody,UA,2021-01-20 21:08:24,48.3473,33.5003,14.0,79,90,11.18
92,Kupang,ID,2021-01-20 21:08:24,-10.1667,123.5833,78.91,84,100,9.28
93,Payson,US,2021-01-20 21:08:24,40.0444,-111.7321,46.0,52,20,4.61
94,La Ronge,CA,2021-01-20 21:08:24,55.1001,-105.2842,28.4,80,90,20.71
95,Plettenberg Bay,ZA,2021-01-20 21:08:25,-34.0527,23.3716,65.7,88,10,5.86
96,Avarua,CK,2021-01-20 21:08:25,-21.2078,-159.775,84.2,74,20,9.22
97,Arraial Do Cabo,BR,2021-01-20 21:08:25,-22.9661,-42.0278,82.4,78,0,18.41
98,Bairiki,KI,2021-01-20 21:08:25,1.3292,172.9752,82.4,74,20,11.5
99,Port Alfred,ZA,2021-01-20 21:08:25,-33.5906,26.891,66.99,84,56,16.91
100,Klaksvik,FO,2021-01-20 21:08:25,62.2266,-6.589,37.4,75,20,24.16
101,Constitucion,CL,2021-01-20 21:08:25,-35.3333,-72.4167,65.77,71,55,5.55
102,Dingle,PH,2021-01-20 21:08:25,10.9995,122.6711,74.84,91,99,3.02
103,Katsuura,JP,2021-01-20 21:08:26,35.1333,140.3,35.6,64,20,4.61
104,Shu,KZ,2021-01-20 21:07:10,43.5983,73.7614,35.04,84,100,4.07
105,Bathsheba,BB,2021-01-20 21:08:26,13.2167,-59.5167,73.4,83,75,13.8
106,Port Hueneme,US,2021-01-20 21:04:32,34.1478,-119.1951,77.0,21,1,25.32
107,Te Anau,NZ,2021-01-20 21:08:26,-45.4167,167.7167,51.98,83,65,2.28
108,Lagunillas,VE,2021-01-20 21:08:26,10.1301,-71.2595,84.76,60,31,8.79
109,Marsa Matruh,EG,2021-01-20 21:08:26,31.3525,27.2453,53.6,62,40,6.91
110,Baculin,PH,2021-01-20 21:08:27,7.4525,126.5842,78.21,78,93,4.18
111,Fairlie,GB,2021-01-20 21:08:27,55.756,-4.8556,33.01,94,99,7.78
112,Doha,QA,2021-01-20 21:08:05,25.2867,51.5333,64.4,88,0,6.91
113,Ormond Beach,US,2021-01-20 21:08:27,29.2858,-81.0559,72.0,30,1,9.22
114,Yerbogachen,RU,2021-01-20 21:08:27,61.2767,108.0108,-39.35,80,100,3.42
115,Lata,PT,2021-01-20 21:08:28,40.1629,-8.3327,57.0,93,79,8.01
116,Freeport,US,2021-01-20 21:07:23,40.6576,-73.5832,37.4,32,20,17.27
117,Luba,GQ,2021-01-20 21:08:28,3.4568,8.5547,78.8,79,20,4.61
118,Pacific Grove,US,2021-01-20 21:04:29,36.6177,-121.9166,69.01,27,1,6.91
119,Mao,ES,2021-01-20 21:08:28,39.8885,4.2658,55.4,82,75,12.66
120,Erenhot,CN,2021-01-20 21:08:28,43.6475,111.9767,11.12,87,99,6.49
121,Tiksi,RU,2021-01-20 21:08:29,71.6872,128.8694,-26.37,86,100,4.63
122,Cabo San Lucas,MX,2021-01-20 21:05:26,22.8909,-109.9124,73.0,78,90,3.44
123,Poplar Bluff,US,2021-01-20 21:08:29,36.757,-90.3929,45.0,45,1,9.22
124,Hualmay,PE,2021-01-20 21:08:29,-11.0964,-77.6139,75.2,70,25,10.76
125,Victoria,HK,2021-01-20 21:08:10,22.2855,114.1577,66.0,77,100,10.85
126,Rognan,NO,2021-01-20 21:08:29,67.0953,15.3878,26.6,50,75,31.07
127,Provideniya,RU,2021-01-20 21:08:29,64.3833,-173.3,-0.4,71,40,31.32
128,Tuatapere,NZ,2021-01-20 21:08:30,-46.1333,167.6833,52.0,90,95,14.0
129,Uromi,NG,2021-01-20 21:08:09,6.7,6.3333,76.5,22,1,1.14
130,Khatanga,RU,2021-01-20 21:08:30,71.9667,102.5,-28.39,85,100,6.67
131,Prieska,ZA,2021-01-20 21:08:30,-29.6641,22.7474,87.49,19,0,4.72
132,Onega,RU,2021-01-20 21:08:30,63.9061,38.1404,3.51,94,100,3.2
133,Coquimbo,CL,2021-01-20 21:04:52,-29.9533,-71.3436,66.2,68,20,11.5
134,Hilo,US,2021-01-20 21:05:22,19.7297,-155.09,71.6,83,90,9.22
135,Inta,RU,2021-01-20 21:08:31,66.0317,60.1659,-2.78,85,100,14.05
136,Bilibino,RU,2021-01-20 21:08:31,68.0546,166.4372,-27.76,82,100,1.16
137,Manchester,GB,2021-01-20 21:08:31,53.4809,-2.2374,36.0,100,90,8.05
138,Bambanglipuro,ID,2021-01-20 21:08:31,-7.95,110.2833,78.4,83,100,2.59
139,Khasan,RU,2021-01-20 21:08:31,42.4308,130.6434,23.2,92,9,6.42
140,Kodiak,US,2021-01-20 21:08:32,57.79,-152.4072,42.8,75,40,9.22
141,Burns Lake,CA,2021-01-20 21:08:32,54.2331,-125.7533,14.0,85,63,2.3
142,Georgetown,MY,2021-01-20 21:08:32,5.4112,100.3354,77.0,88,20,2.3
143,Talnakh,RU,2021-01-20 21:08:32,69.4865,88.3972,-36.44,81,90,1.41
144,Nikolskoye,RU,2021-01-20 21:08:32,59.7035,30.7861,16.0,92,90,4.47
145,Omalur,IN,2021-01-20 21:08:32,11.741,78.0456,72.55,82,0,2.48
146,Paamiut,GL,2021-01-20 21:08:32,61.994,-49.6678,28.74,88,99,6.11
147,Marovoay,MG,2021-01-20 21:08:33,-16.1,46.6333,77.0,94,40,17.27
148,Berlevag,NO,2021-01-20 21:08:33,70.8578,29.0864,21.2,79,75,16.11
149,Kimbe,PG,2021-01-20 21:08:33,-5.5502,150.1429,77.47,87,100,2.17
150,Sitka,US,2021-01-20 21:08:33,57.0531,-135.33,37.4,87,75,0.65
151,Aviemore,GB,2021-01-20 21:08:33,57.1955,-3.8259,34.0,93,75,3.44
152,Payo,ID,2021-01-20 21:08:33,-3.7508,103.6372,73.04,95,100,1.92
153,New Norfolk,AU,2021-01-20 21:08:33,-42.7826,147.0587,51.01,67,100,1.36
154,Zyryanka,RU,2021-01-20 21:08:33,65.75,150.85,-45.13,79,49,1.83
155,Nisia Floresta,BR,2021-01-20 21:08:34,-6.0911,-35.2086,82.4,74,40,14.97
156,Bheramara,BD,2021-01-20 21:08:34,24.0232,88.9925,61.21,62,0,5.5
157,Santa Catarina De Tepehuanes,MX,2021-01-20 21:08:34,25.35,-105.7333,62.55,52,100,5.66
158,Rawson,AR,2021-01-20 21:08:34,-43.3002,-65.1023,85.93,25,5,23.58
159,Ashtian,IR,2021-01-20 21:08:34,34.5217,50.0019,29.88,91,3,1.59
160,Broome,US,2021-01-20 21:08:34,42.2506,-75.833,25.0,63,75,16.11
161,Piacabucu,BR,2021-01-20 21:08:35,-10.4056,-36.4344,78.94,75,80,11.99
162,Butaritari,KI,2021-01-20 21:08:35,3.0707,172.7902,79.54,81,58,17.69
163,Burnie,AU,2021-01-20 21:08:35,-41.0667,145.9167,61.0,73,43,7.0
164,Beringovskiy,RU,2021-01-20 21:08:35,63.05,179.3167,13.57,94,100,15.77
165,Torbay,CA,2021-01-20 21:05:27,47.6666,-52.7314,28.0,74,90,28.77
166,Lebu,CL,2021-01-20 21:08:35,-37.6167,-73.65,62.49,76,0,21.07
167,Sangueya,GN,2021-01-20 21:08:35,10.7,-14.3667,71.49,81,48,2.68
168,Abha,SA,2021-01-20 21:08:35,18.2164,42.5053,55.4,76,0,1.7
169,Bardiyah,LY,2021-01-20 21:08:36,31.7561,25.0865,52.57,58,0,4.81
170,Kuching,MY,2021-01-20 21:08:36,1.55,110.3333,77.0,94,40,3.44
171,Chokurdakh,RU,2021-01-20 21:08:36,70.6333,147.9167,-33.84,84,92,7.02
172,Souillac,MU,2021-01-20 21:08:36,-20.5167,57.5167,78.8,94,40,4.61
173,Valparaiso,CL,2021-01-20 21:08:36,-33.0393,-71.6273,64.99,72,20,6.91
174,Balkhash,KZ,2021-01-20 21:08:36,46.844,74.9804,24.24,98,100,3.42
175,Hasaki,JP,2021-01-20 21:08:37,35.7333,140.8333,30.2,80,75,3.44
176,Saskylakh,RU,2021-01-20 21:08:37,71.9167,114.0833,-34.87,81,100,3.8
177,Turayf,SA,2021-01-20 21:08:37,31.6725,38.6637,35.6,100,0,11.5
178,La Asuncion,VE,2021-01-20 21:08:37,11.0333,-63.8628,78.51,75,96,14.54
179,Severo-Kurilsk,RU,2021-01-20 21:08:37,50.6789,156.125,18.54,93,96,30.76
180,Rio Gallegos,AR,2021-01-20 21:08:37,-51.6226,-69.2181,64.4,45,40,19.57
181,Faanui,PF,2021-01-20 21:08:37,-16.4833,-151.75,80.62,77,0,15.37
182,Luderitz,NA,2021-01-20 21:08:38,-26.6481,15.1594,68.5,73,93,9.22
183,Santa Rosa,PH,2021-01-20 21:08:38,14.3122,121.1114,77.0,94,90,1.14
184,Tual,ID,2021-01-20 21:08:38,-5.6667,132.75,83.41,71,100,3.0
185,Chuy,UY,2021-01-20 21:08:38,-33.6971,-53.4616,74.61,63,0,11.16
186,Lasa,IT,2021-01-20 21:08:38,46.6166,10.7002,33.01,80,75,1.14
187,Gamba,GA,2021-01-20 21:08:38,-2.65,10.0,77.76,86,100,2.84
188,Port Hardy,CA,2021-01-20 21:08:38,50.6996,-127.4199,39.2,93,75,3.44
189,Quincy,US,2021-01-20 21:04:44,42.2529,-71.0023,37.4,38,75,14.97
190,Saint-Joseph,RE,2021-01-20 21:08:39,-21.3667,55.6167,82.4,74,90,3.44
191,Katobu,ID,2021-01-20 21:08:39,-4.9408,122.5276,76.24,90,100,3.74
192,Prince Rupert,CA,2021-01-20 21:08:39,54.3161,-130.3201,37.4,87,40,2.57
193,Tshikapa,CD,2021-01-20 21:08:39,-6.4167,20.8,73.56,84,100,2.68
194,Karpinsk,RU,2021-01-20 21:08:40,59.7654,60.0085,-2.92,93,100,1.52
195,Lebyazhye,RU,2021-01-20 21:08:40,55.2689,66.4947,4.21,94,97,14.92
196,Krasnoselkup,RU,2021-01-20 21:08:40,65.7,82.4667,-37.53,82,0,2.77
197,Dunedin,NZ,2021-01-20 21:08:40,-45.8742,170.5036,57.0,71,65,7.0
198,Kosa,RU,2021-01-20 21:08:40,59.9445,54.9977,-2.54,93,88,4.25
199,Vila Velha,BR,2021-01-20 21:08:40,-20.3297,-40.2925,81.0,69,0,11.5
200,Myrhorod,UA,2021-01-20 21:08:40,49.9685,33.6089,4.68,93,39,8.12
201,Ribeira Grande,PT,2021-01-20 21:08:41,38.5167,-28.7,62.6,94,75,16.11
202,Jatai,BR,2021-01-20 21:08:41,-17.8814,-51.7144,79.36,72,90,4.65
203,Surt,LY,2021-01-20 21:08:41,31.2089,16.5887,55.24,60,1,13.24
204,Havre-Saint-Pierre,CA,2021-01-20 21:08:41,50.2334,-63.5986,6.8,72,90,16.11
205,Sorland,NO,2021-01-20 21:08:41,67.667,12.6934,28.4,64,75,8.05
206,Bayburt,TR,2021-01-20 21:05:22,40.2589,40.2278,-0.67,90,37,2.68
207,Kalmunai,LK,2021-01-20 21:08:41,7.4167,81.8167,77.25,86,13,3.4
208,Neijiang,CN,2021-01-20 21:08:42,29.5835,105.0622,46.99,88,100,1.36
209,Yambio,SS,2021-01-20 21:05:30,4.5721,28.3955,72.12,27,100,3.74
210,Cockburn Town,TC,2021-01-20 21:08:42,21.4612,-71.1419,80.6,65,40,9.22
211,Esperance,AU,2021-01-20 21:08:42,-33.8667,121.9,64.4,100,90,10.36
212,Monrovia,LR,2021-01-20 21:08:42,6.3005,-10.7969,78.8,94,40,7.0
213,Port-Gentil,GA,2021-01-20 21:08:42,-0.7193,8.7815,78.8,89,20,2.3
214,Achit,RU,2021-01-20 21:08:43,56.7985,57.8994,-8.52,89,100,7.0
215,Anito,PH,2021-01-20 21:08:43,12.4497,125.2886,78.62,88,98,6.67
216,Whitehorse,CA,2021-01-20 21:08:43,60.7161,-135.0538,10.4,85,20,3.24
217,Sechura,PE,2021-01-20 21:08:43,-5.5569,-80.8222,81.01,53,81,15.32
218,Monte Alegre De Sergipe,BR,2021-01-20 21:08:43,-10.0272,-37.5622,79.5,63,73,15.86
219,Hithadhoo,MV,2021-01-20 21:08:43,-0.6,73.0833,81.66,73,73,10.92
220,Manzhouli,CN,2021-01-20 21:08:43,49.6,117.4333,2.59,90,99,5.39
221,Amapa,BR,2021-01-20 21:08:44,1.0,-52.0,72.61,97,100,1.61
222,Nemuro,JP,2021-01-20 21:08:44,43.3236,145.575,19.72,88,96,9.91
223,Leningradskiy,RU,2021-01-20 21:08:44,69.3833,178.4167,-25.46,79,52,3.4
224,The Valley,AI,2021-01-20 21:08:44,18.217,-63.0578,80.6,65,20,13.8
225,Khandagayty,RU,2021-01-20 21:08:44,50.7333,92.05,-4.29,80,71,0.6
226,Lompoc,US,2021-01-20 21:07:28,34.6391,-120.4579,75.2,22,0,3.44
227,Bichura,RU,2021-01-20 21:08:45,50.5881,107.6022,-1.14,87,35,0.54
228,Le Port,RE,2021-01-20 21:08:45,-20.9373,55.2919,78.8,83,75,3.44
229,Touros,BR,2021-01-20 21:08:45,-5.1989,-35.4608,80.6,74,40,14.97
230,Pucallpa,PE,2021-01-20 21:04:21,-8.3791,-74.5539,80.6,69,75,6.91
231,Atasu,KZ,2021-01-20 21:08:45,48.6814,71.6433,18.46,97,100,3.67
232,Naze,JP,2021-01-20 21:08:45,28.3667,129.4833,61.27,82,92,15.43
233,Ilheus,BR,2021-01-20 21:08:46,-14.7889,-39.0494,77.31,75,3,7.4
234,Halifax,CA,2021-01-20 21:05:21,44.6453,-63.5724,32.0,40,75,4.61
235,Barrow,US,2021-01-20 21:08:46,71.2906,-156.7887,-2.2,78,90,12.66
236,Grand Gaube,MU,2021-01-20 21:08:46,-20.0064,57.6608,81.0,84,40,3.0
237,Verkhoyansk,RU,2021-01-20 21:08:46,67.5447,133.385,-31.74,81,100,1.74
238,Yangmei,CN,2021-01-20 21:08:46,24.1023,112.5618,56.52,92,96,0.76
239,Tilichiki,RU,2021-01-20 21:08:46,60.4667,166.1,-20.61,88,89,13.78
240,Wanaka,NZ,2021-01-20 21:08:19,-44.7,169.15,48.56,77,95,4.74
241,Itoman,JP,2021-01-20 21:08:47,26.1247,127.6694,69.8,73,75,8.05
242,Manggar,ID,2021-01-20 21:08:47,-2.8833,108.2667,78.73,83,100,9.8
243,Bilma,NE,2021-01-20 21:08:47,18.6853,12.9164,61.14,29,0,5.23
244,Fatehpur,IN,2021-01-20 21:08:27,25.9333,80.8,53.28,58,0,7.63
245,Tuktoyaktuk,CA,2021-01-20 21:07:14,69.4541,-133.0374,-0.4,85,90,5.75
246,Acapulco,MX,2021-01-20 21:08:47,16.8634,-99.8901,86.0,66,20,11.5
247,Springfield,US,2021-01-20 21:05:16,37.2153,-93.2982,48.99,40,90,11.5
248,Fasa,IR,2021-01-20 21:08:48,28.9383,53.6482,53.6,26,0,4.12
249,Pecos,US,2021-01-20 21:08:48,31.4229,-103.4932,48.2,61,1,1.12
250,Tasiilaq,GL,2021-01-20 21:08:48,65.6145,-37.6368,10.4,67,0,3.44
251,Kununurra,AU,2021-01-20 21:08:48,-15.7667,128.7333,77.0,100,40,3.44
252,Iqaluit,CA,2021-01-20 21:08:48,63.7506,-68.5145,5.0,72,75,20.71
253,Saint-Augustin,CA,2021-01-20 21:08:48,51.226,-58.6502,10.4,87,100,15.95
254,Starkville,US,2021-01-20 21:07:50,33.4504,-88.8184,57.0,46,1,2.98
255,Kourou,GF,2021-01-20 21:08:48,5.1552,-52.6478,82.4,74,75,9.22
256,Kulhudhuffushi,MV,2021-01-20 21:08:49,6.6221,73.07,80.98,71,6,6.31
257,Brae,GB,2021-01-20 21:08:49,60.3964,-1.353,41.0,75,75,26.46
258,Sale,MA,2021-01-20 21:08:49,34.0389,-6.8166,57.2,94,90,17.27
259,Isangel,VU,2021-01-20 21:08:49,-19.55,169.2667,80.67,79,99,9.57
260,Muros,ES,2021-01-20 21:08:49,42.7762,-9.0603,55.99,90,57,5.99
261,Machhlishahr,IN,2021-01-20 21:08:49,25.6833,82.4167,52.75,64,0,7.45
262,Castanos,MX,2021-01-20 21:08:49,26.7833,-101.4167,57.0,87,90,3.78
263,Hirara,JP,2021-01-20 21:08:50,24.8,125.2833,71.2,83,100,20.87
264,Fallon,US,2021-01-20 21:08:50,39.4735,-118.7774,43.0,33,0,1.01
265,Torgau,DE,2021-01-20 21:08:50,51.5667,13.0,45.0,65,40,4.61
266,Velikiy Novgorod,RU,2021-01-20 21:08:50,58.5167,31.2833,10.06,95,100,8.23
267,Benghazi,LY,2021-01-20 21:08:50,32.1167,20.0667,54.99,55,92,5.37
268,Hovd,MN,2021-01-20 21:08:50,48.0056,91.6419,11.75,84,100,0.87
269,Destin,US,2021-01-20 21:06:12,30.3935,-86.4958,64.99,68,1,4.61
270,Bambous Virieux,MU,2021-01-20 21:08:51,-20.3428,57.7575,81.0,94,40,4.61
271,Kavaratti,IN,2021-01-20 21:08:51,10.5669,72.642,82.2,69,0,7.87
272,Quata,BR,2021-01-20 21:08:51,-22.2475,-50.6983,79.05,80,100,5.86
273,Pio Xii,BR,2021-01-20 21:08:51,-3.8325,-45.1525,75.29,91,100,0.54
274,Hofn,IS,2021-01-20 21:08:51,64.2539,-15.2082,32.27,88,100,26.87
275,Itarema,BR,2021-01-20 21:08:51,-2.9248,-39.9167,80.4,76,98,14.65
276,Komsomolskiy,UZ,2021-01-20 21:08:52,40.4272,71.7189,39.2,52,0,2.3
277,Luwuk,ID,2021-01-20 21:08:52,-0.9516,122.7875,77.83,74,79,2.37
278,Ancud,CL,2021-01-20 21:08:52,-41.8697,-73.8203,68.23,67,95,6.29
279,Sikandra Rao,IN,2021-01-20 21:08:52,27.7,78.4,53.22,49,0,8.59
280,Guerrero Negro,MX,2021-01-20 21:04:16,27.9769,-114.0611,75.87,44,62,26.51
281,Tautira,PF,2021-01-20 21:08:52,-17.7333,-149.15,86.0,62,20,3.44
282,Fairbanks,US,2021-01-20 21:08:52,64.8378,-147.7164,6.8,78,75,2.01
283,Kalianget,ID,2021-01-20 21:08:53,-7.05,113.9333,78.84,81,100,10.58
284,Mahon,ES,2021-01-20 21:08:28,39.8885,4.2658,55.4,82,75,12.66
285,Roald,NO,2021-01-20 21:08:53,62.5833,6.1333,41.0,52,40,16.11
286,Domoni,KM,2021-01-20 21:08:53,-12.2569,44.5319,79.48,75,100,9.31
287,Illintsi,UA,2021-01-20 21:08:53,49.1048,29.2177,19.81,97,99,11.83
288,Tetelzingo,MX,2021-01-20 21:08:53,19.0667,-97.15,54.68,93,94,7.43
289,Raga,SS,2021-01-20 21:08:54,8.4596,25.678,65.25,25,0,5.53
290,Tondano,ID,2021-01-20 21:08:54,1.3038,124.9112,77.0,94,40,1.14
291,Moron,AR,2021-01-20 21:08:54,-34.6534,-58.6198,89.01,25,0,8.01
292,Qaqortoq,GL,2021-01-20 21:08:54,60.7167,-46.0333,37.4,28,56,23.02
293,Popondetta,PG,2021-01-20 21:08:54,-8.7537,148.2534,78.8,81,100,1.72
294,Gravdal,NO,2021-01-20 21:08:54,68.1214,13.5031,28.4,64,75,8.05
295,Fort Nelson,CA,2021-01-20 21:08:54,58.8053,-122.7002,35.6,51,75,8.05
296,Puerto Baquerizo Moreno,EC,2021-01-20 21:08:55,-0.9,-89.6,80.6,78,75,13.8
297,Othaya,KE,2021-01-20 21:08:55,-0.5652,36.9609,57.99,81,100,11.01
298,Bethel,US,2021-01-20 21:08:55,41.3712,-73.414,32.0,51,40,11.5
299,Najran,SA,2021-01-20 21:08:55,17.4924,44.1277,62.6,22,0,4.61
300,Yantai,CN,2021-01-20 21:08:02,37.5333,121.4,38.12,90,100,4.25
301,Jacareacanga,BR,2021-01-20 21:08:55,-6.2222,-57.7528,74.62,96,99,1.74
302,Znamenskoye,RU,2021-01-20 21:08:56,57.1281,73.8282,-4.58,91,100,10.2
303,Vestby,NO,2021-01-20 21:08:56,59.6024,10.7467,34.0,98,100,3.0
304,Henties Bay,NA,2021-01-20 21:08:56,-22.116,14.2845,69.01,84,48,3.0
305,Ipameri,BR,2021-01-20 21:08:56,-17.7219,-48.1597,77.61,67,97,5.46
306,Manokwari,ID,2021-01-20 21:08:56,-0.8667,134.0833,78.1,69,98,3.0
307,Ahipara,NZ,2021-01-20 21:08:56,-35.1667,173.1667,63.34,58,24,12.35
308,Santa Maria,BR,2021-01-20 21:08:57,-29.6842,-53.8069,82.4,61,20,17.27
309,Pisco,PE,2021-01-20 21:08:57,-13.7,-76.2167,77.0,65,0,25.32
310,Worland,US,2021-01-20 21:08:57,44.0169,-107.9554,41.0,28,1,3.44
311,Sambava,MG,2021-01-20 21:08:57,-14.2667,50.1667,77.4,84,100,7.45
312,Barranca,PE,2021-01-20 21:08:57,-10.75,-77.7667,73.87,74,94,9.13
313,Guadalupe Y Calvo,MX,2021-01-20 21:08:57,26.1,-106.9667,46.04,100,100,2.59
314,Half Moon Bay,US,2021-01-20 21:08:58,37.4636,-122.4286,66.2,19,1,9.22
315,Abu Dhabi,AE,2021-01-20 21:05:49,24.4667,54.3667,64.4,88,0,1.14
316,Anbu,CN,2021-01-20 21:08:58,23.449,116.6809,62.6,77,98,4.47
317,Hamilton,US,2021-01-20 21:08:58,39.1834,-84.5333,37.99,41,1,10.36
318,Imbituba,BR,2021-01-20 21:07:33,-28.24,-48.6703,69.8,94,75,11.5
319,Vanimo,PG,2021-01-20 21:08:58,-2.6741,141.3028,76.68,84,100,1.52
320,Banda Aceh,ID,2021-01-20 21:08:58,5.5577,95.3222,76.39,85,89,9.86
321,Lagoa,PT,2021-01-20 21:08:59,39.05,-27.9833,61.25,90,0,21.14
322,Port Lincoln,AU,2021-01-20 21:08:59,-34.7333,135.8667,67.59,60,0,6.46
323,Celestun,MX,2021-01-20 21:08:59,20.8667,-90.4,77.68,73,46,17.45
324,Boende,CD,2021-01-20 21:08:59,-0.2167,20.8667,72.95,93,99,2.75
325,College,US,2021-01-20 21:08:59,64.8569,-147.8028,6.8,78,75,2.35
326,Vila Franca Do Campo,PT,2021-01-20 21:08:59,37.7167,-25.4333,63.0,94,75,19.57
327,Ocean City,US,2021-01-20 21:09:00,39.2776,-74.5746,39.99,45,20,18.41
328,Veraval,IN,2021-01-20 21:09:00,20.9,70.3667,67.51,46,0,11.34
329,Bangassou,CF,2021-01-20 21:09:00,4.7413,22.8184,69.6,32,15,0.96
330,Hare Bay,CA,2021-01-20 21:09:00,48.8499,-54.0148,23.0,68,68,12.66
331,Tandil,AR,2021-01-20 21:09:00,-37.3217,-59.1332,93.0,24,0,5.99
332,Innisfail,AU,2021-01-20 21:08:07,-17.5333,146.0333,77.97,88,100,4.72
333,Lufilufi,WS,2021-01-20 21:09:01,-13.8745,-171.5986,87.8,79,20,11.5
334,San Policarpo,PH,2021-01-20 21:09:01,12.1791,125.5072,80.94,85,96,7.56
335,Porbandar,IN,2021-01-20 21:09:01,21.6422,69.6093,64.29,53,0,6.44
336,Kandrian,PG,2021-01-20 21:09:01,-6.2167,149.55,78.94,84,100,9.26
337,Koslan,RU,2021-01-20 21:09:01,63.4564,48.8989,-2.69,92,100,4.76
338,Platanos,GR,2021-01-20 21:09:02,37.6667,21.6167,46.4,81,75,3.44
339,Mumford,GH,2021-01-20 21:09:02,5.2618,-0.759,79.74,86,21,8.97
340,Chapais,CA,2021-01-20 21:09:02,49.7834,-74.8492,1.4,71,1,4.61
341,Nuevo Progreso,MX,2021-01-20 21:09:02,23.1667,-97.95,71.01,75,100,1.99
342,Valsad,IN,2021-01-20 21:09:02,20.6333,72.9333,67.06,42,0,4.05
343,Necochea,AR,2021-01-20 21:09:02,-38.5473,-58.7368,91.99,39,0,13.53
344,Eyl,SO,2021-01-20 21:09:02,7.9803,49.8164,75.67,78,96,17.58
345,Bowen,AU,2021-01-20 21:09:02,-20.0167,148.2333,73.4,88,40,10.36
346,Samarai,PG,2021-01-20 21:09:03,-10.6167,150.6667,83.59,77,100,11.21
347,Clyde River,CA,2021-01-20 21:09:03,70.4692,-68.5914,6.8,92,75,5.75
348,Karratha,AU,2021-01-20 21:09:03,-20.7377,116.8463,88.11,43,58,1.99
349,Cabedelo,BR,2021-01-20 21:09:03,-6.9811,-34.8339,80.6,78,75,12.66
350,Port Hawkesbury,CA,2021-01-20 21:09:03,45.6169,-61.3485,23.0,50,1,11.5
351,Nome,US,2021-01-20 21:07:01,64.5011,-165.4064,8.6,66,40,16.11
352,Boa Vista,BR,2021-01-20 21:09:03,2.8197,-60.6733,87.8,42,75,10.36
353,Amudat,UG,2021-01-20 21:09:04,1.95,34.95,69.44,49,93,3.2
354,Ilyich,KZ,2021-01-20 21:09:04,40.8464,68.5067,44.53,67,0,7.49
355,Husavik,IS,2021-01-20 21:09:04,66.0449,-17.3389,30.2,100,90,9.22
356,Ankazoabo,MG,2021-01-20 21:05:23,-22.2833,44.5167,79.93,69,99,3.09
357,Cherskiy,RU,2021-01-20 21:09:04,68.75,161.3,-44.05,77,53,5.23
358,Nanakuli,US,2021-01-20 21:09:04,21.3906,-158.1547,80.6,57,40,6.91
359,Anadyr,RU,2021-01-20 21:09:05,64.75,177.4833,1.4,85,75,2.24
360,Aklavik,CA,2021-01-20 21:09:05,68.2191,-135.0107,1.4,85,90,3.44
361,Price,US,2021-01-20 21:09:05,39.5994,-110.8107,37.4,56,1,5.75
362,Haines Junction,CA,2021-01-20 21:09:05,60.7522,-137.5108,5.0,85,96,1.14
363,Shache,CN,2021-01-20 21:09:05,38.4167,77.2406,26.47,78,1,4.25
364,Mackay,AU,2021-01-20 21:09:05,-21.15,149.2,78.8,73,40,17.27
365,Kawalu,ID,2021-01-20 21:09:06,-7.3817,108.2082,73.29,88,100,2.51
366,Dongsheng,CN,2021-01-20 21:09:06,39.8161,109.9776,19.2,72,0,7.92
367,Masvingo,ZW,2021-01-20 21:09:06,-20.0637,30.8277,67.91,94,96,7.45
368,Russell,US,2021-01-20 21:09:06,32.3502,-85.1999,62.6,25,1,6.91
369,Misratah,LY,2021-01-20 21:07:14,32.3754,15.0925,56.57,50,10,13.33
370,Vostok,RU,2021-01-20 21:09:06,46.4856,135.8833,9.57,96,100,6.49
371,Saint-Georges,GD,2021-01-20 21:09:06,12.0564,-61.7485,82.4,69,20,17.27
372,Lavrentiya,RU,2021-01-20 21:09:07,65.5833,-171.0,-12.64,84,5,11.43
373,Mar Del Plata,AR,2021-01-20 21:05:25,-38.0023,-57.5575,77.0,78,20,16.11
374,Tuy Hoa,VN,2021-01-20 21:09:07,13.0833,109.3,69.33,87,90,5.75
375,Sistranda,NO,2021-01-20 21:09:07,63.7256,8.834,33.8,64,75,28.77
376,Kualakapuas,ID,2021-01-20 21:09:07,-3.0091,114.3876,78.8,94,75,2.3
377,Watertown,US,2021-01-20 21:09:07,42.3709,-71.1828,37.0,44,75,11.5
378,Pontianak,ID,2021-01-20 21:09:07,-0.0333,109.3333,75.2,94,75,3.44
379,Barber,CW,2021-01-20 21:09:08,12.2833,-69.0667,82.4,65,40,12.66
380,Xuddur,SO,2021-01-20 21:09:08,4.1213,43.8894,77.13,64,100,15.99
381,Ilinskiy,RU,2021-01-20 21:09:08,55.619,38.1182,14.0,85,0,6.71
382,Tarnos,FR,2021-01-20 21:09:08,43.5417,-1.4628,57.0,58,0,12.66
383,Aubenas,FR,2021-01-20 21:09:08,44.6201,4.3899,48.99,80,100,8.99
384,Vao,NC,2021-01-20 21:09:09,-22.6667,167.4833,75.4,78,100,17.18
385,Saint George,US,2021-01-20 21:08:46,37.1041,-113.5841,55.4,38,1,4.61
386,Manica,FR,2021-01-20 21:09:09,49.0,-1.1667,50.0,87,90,31.07
387,Shimoda,JP,2021-01-20 21:09:09,34.6667,138.95,46.26,71,13,7.99
388,Ornskoldsvik,SE,2021-01-20 21:09:09,63.2909,18.7153,21.2,100,90,10.36
389,Kaitangata,NZ,2021-01-20 21:09:09,-46.2817,169.8464,55.0,73,93,10.0
390,Novobirilyussy,RU,2021-01-20 21:09:09,56.9514,90.6661,-25.74,84,0,2.93
391,Piritiba,BR,2021-01-20 21:09:10,-11.7303,-40.5553,77.04,60,30,5.48
392,Roma,US,2021-01-20 21:09:10,43.2128,-75.4557,23.0,63,90,14.97
393,Arlit,NE,2021-01-20 21:09:10,18.7369,7.3853,64.51,25,3,6.44
394,Bullhead City,US,2021-01-20 21:09:10,35.1478,-114.5683,66.0,39,90,13.8
395,Udachnyy,RU,2021-01-20 21:09:10,66.4167,112.4,-57.93,49,55,2.39
396,Burgos,ES,2021-01-20 21:09:11,42.3394,-3.7079,44.6,93,75,19.57
397,Rio Grande,BR,2021-01-20 21:09:11,-32.035,-52.0986,80.6,61,40,18.41
398,Phan Thiet,VN,2021-01-20 21:09:11,10.9333,108.1,72.54,80,93,0.96
399,Havelock,US,2021-01-20 21:09:11,34.8791,-76.9013,57.2,33,1,16.11
400,Umm Lajj,SA,2021-01-20 21:09:11,25.0213,37.2685,66.11,38,0,19.75
401,Poum,NC,2021-01-20 21:09:12,-20.2333,164.0167,79.23,80,88,17.67
402,Bartica,GY,2021-01-20 21:09:12,6.4,-58.6167,84.2,61,40,13.8
403,East London,ZA,2021-01-20 21:09:12,-33.0153,27.9116,70.84,76,98,12.37
404,Marienburg,PL,2021-01-20 21:09:12,54.0359,19.0266,37.99,86,100,7.0
405,Sabzevar,IR,2021-01-20 21:09:12,36.2126,57.6819,47.28,49,100,5.06
406,Atar,MR,2021-01-20 21:09:12,20.5169,-13.0499,67.41,21,99,11.36
407,Upernavik,GL,2021-01-20 21:09:12,72.7868,-56.1549,31.01,96,100,8.16
408,Sompeta,IN,2021-01-20 21:09:12,18.9333,84.6,71.69,61,3,6.78
409,Tura,IN,2021-01-20 21:09:13,25.5198,90.2201,55.65,94,0,2.19
410,Aasiaat,GL,2021-01-20 21:09:13,68.7098,-52.8699,22.3,86,100,3.98
411,Inhambane,MZ,2021-01-20 21:09:13,-23.865,35.3833,78.39,86,78,11.27
412,Saint Anthony,US,2021-01-20 21:09:13,45.0205,-93.218,37.99,60,1,12.66
413,Takoradi,GH,2021-01-20 21:09:13,4.8845,-1.7554,79.7,84,28,8.25
414,Baykit,RU,2021-01-20 21:09:13,61.67,96.37,-23.8,81,100,1.97
415,Padang,ID,2021-01-20 21:09:14,-0.9492,100.3543,71.6,94,75,2.3
416,Douglas,US,2021-01-20 21:08:38,41.3,-96.167,51.8,37,1,10.36
417,Ambovombe,MG,2021-01-20 21:09:14,-25.1667,46.0833,76.69,89,0,10.69
418,Gusau,NG,2021-01-20 21:09:14,12.1628,6.6614,68.83,23,0,11.41
419,Nanzhang,CN,2021-01-20 21:09:14,31.7765,111.8386,43.32,63,51,2.51
420,Neiafu,TO,2021-01-20 21:09:14,-18.65,-173.9833,84.2,74,40,6.91
421,Berezovyy,RU,2021-01-20 21:09:14,51.6667,135.7,-7.8,88,100,2.89
422,Santa Marta,CO,2021-01-20 21:08:06,11.2408,-74.199,86.0,63,16,18.01
423,Bubaque,GW,2021-01-20 21:09:15,11.2833,-15.8333,78.33,74,70,12.19
424,Niamey,NE,2021-01-20 21:09:15,13.5137,2.1098,78.8,12,0,4.61
425,Kaduqli,SD,2021-01-20 21:09:15,11.0167,29.7167,69.71,21,0,14.9
426,Alta Floresta,BR,2021-01-20 21:09:15,-9.8756,-56.0861,78.13,93,97,1.19
427,Xichang,CN,2021-01-20 21:09:15,27.8964,102.2634,50.0,48,100,5.03
428,Mount Isa,AU,2021-01-20 21:09:15,-20.7333,139.5,82.4,57,69,3.44
429,Buraydah,SA,2021-01-20 21:09:15,26.326,43.975,55.4,54,0,10.36
430,Port Blair,IN,2021-01-20 21:09:16,11.6667,92.75,76.68,65,96,6.51
431,Pochutla,MX,2021-01-20 21:09:16,15.7432,-96.4661,90.0,40,1,8.05
432,Olafsvik,IS,2021-01-20 21:09:16,64.8945,-23.7142,26.58,92,79,34.56
433,Nelson Bay,AU,2021-01-20 21:09:16,-32.7167,152.15,64.99,94,20,3.96
434,Milkovo,RU,2021-01-20 21:09:16,54.7167,158.6167,-0.8,92,99,0.72
435,Kelso,US,2021-01-20 21:09:16,46.1468,-122.9084,42.8,70,90,8.05
436,Port Shepstone,ZA,2021-01-20 21:09:17,-30.7414,30.455,71.96,76,100,5.39
437,Herat,AF,2021-01-20 21:09:17,34.5,62.0,49.53,42,100,8.66
438,Carai,BR,2021-01-20 21:09:17,-17.1889,-41.6947,71.02,73,14,7.09
439,Marawi,PH,2021-01-20 21:09:17,7.9986,124.2928,73.99,95,100,1.99
440,Rantepao,ID,2021-01-20 21:09:17,-2.9701,119.8978,67.46,88,100,2.35
441,Limulunga,ZM,2021-01-20 21:09:17,-15.0969,23.1376,68.05,92,100,2.86
442,Kirovo-Chepetsk,RU,2021-01-20 21:09:17,58.5539,50.0399,0.21,94,95,5.53
443,Bedele,ET,2021-01-20 21:09:18,8.456,36.353,59.86,63,95,4.03
444,Paracuru,BR,2021-01-20 21:07:55,-3.41,-39.0306,80.01,79,100,15.99
445,Aitape,PG,2021-01-20 21:09:18,-3.1374,142.3475,78.08,80,100,2.91
446,Mandalgovi,MN,2021-01-20 21:08:09,45.7625,106.2708,14.34,82,80,8.84
447,Airai,TL,2021-01-20 21:09:18,-8.9266,125.4092,61.2,100,83,2.82
448,Mersing,MY,2021-01-20 21:06:21,2.4312,103.8405,77.0,83,100,8.05
449,Homa Bay,KE,2021-01-20 21:09:18,-0.5273,34.4571,69.69,75,51,5.88
450,Ossora,RU,2021-01-20 21:09:19,59.2353,163.0719,-7.94,89,100,8.08
451,Chippewa Falls,US,2021-01-20 21:09:19,44.9369,-91.3929,33.01,64,1,14.97
452,Mega,ET,2021-01-20 21:09:19,4.05,38.3,65.39,38,58,21.79
453,Colares,PT,2021-01-20 21:09:19,38.7992,-9.4469,57.99,94,43,21.14
454,Camacha,PT,2021-01-20 21:09:19,33.0833,-16.3333,62.6,88,40,11.5
455,Akureyri,IS,2021-01-20 21:09:20,65.6835,-18.0878,30.2,100,90,9.22
456,Marsaxlokk,MT,2021-01-20 21:09:20,35.8419,14.5431,57.0,67,40,9.22
457,Olinda,BR,2021-01-20 21:09:20,-8.0089,-34.8553,78.8,73,75,8.05
458,Dniprovka,UA,2021-01-20 21:09:20,47.4295,34.618,10.26,92,0,7.61
459,Auki,SB,2021-01-20 21:09:20,-8.7676,160.7034,80.64,77,97,4.76
460,Isiolo,KE,2021-01-20 21:09:20,0.3546,37.5822,68.07,60,100,5.64
461,Flinders,AU,2021-01-20 21:09:20,-34.5833,150.8552,62.01,84,14,1.01
462,Den Helder,NL,2021-01-20 21:09:21,52.9599,4.7593,51.01,76,90,28.77
463,Mahibadhoo,MV,2021-01-20 21:09:21,3.7833,72.9667,81.72,70,1,9.33
464,Thanh Hoa,VN,2021-01-20 21:09:21,19.8,105.7667,63.43,87,100,1.25
465,Saldanha,ZA,2021-01-20 21:09:21,-33.0117,17.9442,66.2,68,0,8.05
466,Penzance,GB,2021-01-20 21:09:21,50.1186,-5.5371,41.0,93,40,18.41
467,Avera,US,2021-01-20 21:09:21,33.194,-82.5271,62.6,23,1,10.36
468,Excelsior Springs,US,2021-01-20 21:09:22,39.3392,-94.2261,53.01,28,1,10.36
469,Deputatskiy,RU,2021-01-20 21:09:22,69.3,139.9,-31.85,85,98,0.63
470,Saint-Pierre,RE,2021-01-20 21:09:22,-21.3393,55.4781,82.4,74,90,3.44
471,Gizo,SB,2021-01-20 21:09:22,-8.103,156.8419,82.9,73,96,11.16
472,Andenes,NO,2021-01-20 21:09:22,69.3143,16.1194,25.0,74,75,21.85
473,Cartagena Del Chaira,CO,2021-01-20 21:06:29,1.3349,-74.8429,85.17,54,98,3.4
474,Kronach,DE,2021-01-20 21:09:22,50.2396,11.3331,35.01,84,100,4.92
475,Beyneu,KZ,2021-01-20 21:09:23,45.3167,55.2,24.39,85,100,4.9
476,Tabas,IR,2021-01-20 21:09:23,33.5959,56.9244,48.2,25,100,4.61
477,Robat Karim,IR,2021-01-20 21:09:23,35.4846,51.0829,44.6,60,75,6.91
478,Nadym,RU,2021-01-20 21:09:23,65.5333,72.5167,-18.85,87,100,12.35
479,Lorengau,PG,2021-01-20 21:09:23,-2.0226,147.2712,81.97,77,100,11.59
480,Birjand,IR,2021-01-20 21:09:23,32.8663,59.2211,48.2,27,0,11.5
481,Chengde,CN,2021-01-20 21:06:21,40.9725,117.9361,19.53,86,100,3.27
482,Evensk,RU,2021-01-20 21:09:24,61.95,159.2333,-13.94,77,24,8.86
483,Sao Filipe,CV,2021-01-20 21:09:24,14.8961,-24.4956,71.69,71,86,10.09
484,Altay,CN,2021-01-20 21:05:16,47.8667,88.1167,17.51,87,100,0.49
485,Morondava,MG,2021-01-20 21:04:57,-20.2833,44.2833,83.84,76,100,3.13
486,Ambilobe,MG,2021-01-20 21:09:24,-13.2,49.05,73.99,93,99,0.2
487,Jinchang,CN,2021-01-20 21:09:24,38.4953,102.1739,25.39,56,0,5.7
488,Apache Junction,US,2021-01-20 21:09:24,33.4151,-111.5496,71.6,28,40,13.8
489,Ostrovnoy,RU,2021-01-20 21:09:25,68.0531,39.5131,12.7,92,100,11.61
490,Mabaruma,GY,2021-01-20 21:09:25,8.2,-59.7833,79.59,70,99,5.75
491,Dolores,AR,2021-01-20 21:09:25,-36.3132,-57.6792,85.19,36,0,16.37
492,Bulanash,RU,2021-01-20 21:09:25,57.2783,61.9965,1.02,92,100,10.56
493,Petropavlovsk-Kamchatskiy,RU,2021-01-20 21:05:39,53.0452,158.6483,8.6,85,90,6.71
494,Pandan,PH,2021-01-20 21:09:25,14.0453,124.1694,78.15,87,89,5.59
495,Hervey Bay,AU,2021-01-20 21:05:52,-25.2986,152.8535,69.8,83,3,5.75
496,Codrington,AU,2021-01-20 21:09:26,-38.2667,141.9667,55.87,74,98,9.22
497,Vuktyl,RU,2021-01-20 21:09:26,63.8567,57.3094,-3.15,91,100,9.55
498,Sangar,RU,2021-01-20 21:09:26,63.9242,127.4739,-35.1,82,100,5.12
499,Yeppoon,AU,2021-01-20 21:09:26,-23.1333,150.7333,77.0,65,75,5.75
500,Naivasha,KE,2021-01-20 21:09:26,-0.7167,36.4359,57.99,81,100,11.01
501,Bundaberg,AU,2021-01-20 21:09:26,-24.85,152.35,69.8,83,21,5.75
502,Zhezkazgan,KZ,2021-01-20 21:09:27,47.8043,67.7144,12.72,93,100,4.21
503,Garhi Khairo,PK,2021-01-20 21:09:27,28.0606,67.9803,59.97,33,0,3.02
504,Waupun,US,2021-01-20 21:09:27,43.6333,-88.7296,23.0,73,1,26.46
505,Caohai,CN,2021-01-20 21:09:27,26.8661,104.2841,36.63,95,100,5.64
506,Singaraja,ID,2021-01-20 21:09:27,-8.112,115.0882,79.86,68,100,2.95
507,Tecpan,GT,2021-01-20 21:09:27,14.7623,-90.9947,75.99,56,75,20.71
508,Marsabit,KE,2021-01-20 21:09:28,2.3284,37.9899,70.86,47,100,10.31
509,Kutum,SD,2021-01-20 21:09:28,14.2,24.6667,50.18,43,0,15.21
510,Pescantina,IT,2021-01-20 21:09:28,45.4837,10.8685,36.0,93,75,3.44
511,Port Hedland,AU,2021-01-20 21:09:28,-20.3167,118.5667,89.6,66,83,11.5
512,Sao Joao Da Barra,BR,2021-01-20 21:05:15,-21.6403,-41.0511,82.4,65,0,18.41
513,Pronsk,RU,2021-01-20 21:09:28,54.1048,39.6092,3.07,93,3,8.61
514,Gympie,AU,2021-01-20 21:09:28,-26.1898,152.665,66.99,97,11,6.8
515,Black River,JM,2021-01-20 21:09:29,18.0264,-77.8487,82.99,69,40,17.27
516,Mareeba,AU,2021-01-20 21:09:29,-17.0,145.4333,73.4,94,100,10.36
517,Micheweni,TZ,2021-01-20 21:09:29,-4.9667,39.8333,80.76,80,95,15.1
518,Westport,US,2021-01-20 21:09:29,41.1415,-73.3579,35.01,60,92,16.37
519,Ola,RU,2021-01-20 21:09:29,59.5833,151.2833,-10.5,76,1,6.17
520,Tiberias,IL,2021-01-20 21:09:29,32.7922,35.5312,50.0,62,0,1.01
521,Los Llanos De Aridane,ES,2021-01-20 21:06:25,28.6585,-17.9182,64.4,72,40,6.91
522,Leticia,CO,2021-01-20 21:09:30,-4.2153,-69.9406,80.6,78,75,3.44
523,Aripuana,BR,2021-01-20 21:06:48,-9.1667,-60.6333,75.34,98,98,2.13
524,Elat,IL,2021-01-20 21:09:30,29.5581,34.9482,53.6,47,20,4.61
525,Gbarnga,LR,2021-01-20 21:09:30,6.9956,-9.4722,74.91,83,5,3.49
526,Gat,IL,2021-01-20 21:09:30,31.61,34.7642,53.01,100,3,7.14
527,Mogzon,RU,2021-01-20 21:09:30,51.7435,111.9606,-6.72,90,59,5.28
528,Asuncion,PY,2021-01-20 21:05:44,-25.3007,-57.6359,87.8,58,20,10.36
529,Pevek,RU,2021-01-20 21:09:30,69.7008,170.3133,-27.9,82,73,1.07
530,Chapada Dos Guimaraes,BR,2021-01-20 21:09:31,-15.4606,-55.7497,91.4,46,40,5.75
531,Kirya,TZ,2021-01-20 21:09:31,-3.9167,37.4833,76.96,56,41,5.95
532,Kitimat,CA,2021-01-20 21:08:49,54.0524,-128.6534,36.0,87,96,3.02
533,Parrita,CR,2021-01-20 21:06:46,9.5201,-84.3225,82.4,61,20,19.57
534,Mandera,KE,2021-01-20 21:09:31,3.9366,41.867,83.68,22,100,10.63
535,Buala,SB,2021-01-20 21:09:31,-8.145,159.5921,81.68,79,100,8.1
536,Abnub,EG,2021-01-20 21:09:31,27.2696,31.1511,50.0,76,0,8.05
537,Sotuta,MX,2021-01-20 21:09:32,20.6,-89.0167,82.53,55,88,6.04
538,Jaisalmer,IN,2021-01-20 21:09:32,26.9147,70.9181,55.08,37,0,2.51
539,Xinyu,CN,2021-01-20 21:09:32,27.8043,114.9334,50.77,75,15,3.44
540,Teseney,ER,2021-01-20 21:09:32,15.11,36.6575,62.92,90,7,13.11
541,Kysyl-Syr,RU,2021-01-20 21:09:32,63.8986,122.7617,-39.64,80,100,2.77
542,Talas,TR,2021-01-20 21:09:32,38.6908,35.5538,12.2,92,0,2.3
543,Potosi,BO,2021-01-20 21:09:32,-19.5836,-65.7531,50.52,67,79,7.58
544,Maumere,ID,2021-01-20 21:09:33,-8.6199,122.2111,79.95,79,100,3.2
545,Soverato,IT,2021-01-20 21:09:33,38.685,16.5499,42.01,87,0,6.91
546,Raahe,FI,2021-01-20 21:09:33,64.6833,24.4833,17.6,86,90,12.66
547,Atambua,ID,2021-01-20 21:09:33,-9.1061,124.8925,74.17,91,88,1.74
548,Karasjok,NO,2021-01-20 21:09:33,69.4719,25.5112,-9.4,84,0,1.14
549,Solnechnyy,RU,2021-01-20 21:09:33,50.7214,136.6319,-3.14,90,100,3.09
550,Kiama,AU,2021-01-20 21:08:36,-34.6833,150.8667,62.01,90,20,4.7
551,Dubrovka,RU,2021-01-20 21:09:34,53.6907,33.5071,2.26,93,48,9.4
552,Killarney,IE,2021-01-20 21:09:34,52.05,-9.5167,39.11,82,14,8.1
553,Karabuk,TR,2021-01-20 21:09:34,41.2049,32.6277,25.66,89,69,3.22
554,Vwawa,TZ,2021-01-20 21:09:34,-9.1167,32.9333,62.4,96,100,2.06
555,Margate,GB,2021-01-20 21:06:17,51.3813,1.3862,48.99,74,99,7.0
556,Qafqafa,JO,2021-01-20 21:09:34,32.3483,35.9395,41.0,81,40,6.91
557,Cooma,AU,2021-01-20 21:09:34,-36.2333,149.1333,48.2,93,10,8.05
558,Kotma,IN,2021-01-20 21:09:35,23.2,81.9667,54.27,49,0,5.5
559,Alice Springs,AU,2021-01-20 21:09:35,-23.7,133.8833,77.0,37,40,4.61
560,Adrar,MR,2021-01-20 21:09:35,20.5022,-10.0711,67.62,21,100,11.79
561,Pueblo Nuevo,MX,2021-01-20 21:09:35,23.3833,-105.3833,64.51,49,100,5.66
562,Livingstonia,MW,2021-01-20 21:09:35,-10.606,34.1063,65.98,88,100,4.99
563,Jian,CN,2021-01-20 21:09:35,27.1172,114.9793,52.29,70,0,2.39
564,Ixtapa,MX,2021-01-20 21:08:00,20.7,-105.2,75.2,78,90,4.61
565,Pushkino,RU,2021-01-20 21:09:36,56.0172,37.8667,10.4,85,0,8.95
566,Bengkulu,ID,2021-01-20 21:09:36,-3.8004,102.2655,76.93,81,100,5.75
567,Senftenberg,DE,2021-01-20 21:09:36,51.5167,14.0167,41.0,72,89,1.99
568,Cosautlan,MX,2021-01-20 21:09:36,19.3333,-96.9833,66.2,80,96,2.57
569,San Pedro,PH,2021-01-20 21:09:36,14.35,121.0167,77.0,94,90,1.14
570,Dauriya,RU,2021-01-20 21:09:36,49.9333,116.8667,2.28,91,100,4.92
571,Honningsvag,NO,2021-01-20 21:09:37,70.9821,25.9704,23.0,58,40,16.11
572,San Patricio,US,2021-01-20 21:09:37,28.017,-97.5169,68.0,88,90,6.91
573,Zhigalovo,RU,2021-01-20 21:09:37,54.8097,105.1578,-23.89,82,66,2.37
574,Sao Felix Do Xingu,BR,2021-01-20 21:09:37,-6.6447,-51.995,72.57,93,100,2.39
575,Banamba,ML,2021-01-20 21:09:37,13.55,-7.45,75.87,18,0,8.97
576,Tubmanburg,LR,2021-01-20 21:09:37,6.8708,-10.8172,74.89,92,54,2.06
577,Dongli,CN,2021-01-20 21:09:37,23.5656,116.8194,62.6,77,54,4.47
578,Kasongo-Lunda,CD,2021-01-20 21:09:38,-6.4667,16.8167,72.57,78,34,1.16
579,Acarau,BR,2021-01-20 21:06:31,-2.8856,-40.12,80.83,75,100,15.93
