City_ID,City,Country,Date,Lat,Lng,Max Temp,Humidity,Cloudiness,Wind Speed,Weather Description
0,Batemans Bay,AU,2021-01-23 19:39:37,-35.7167,150.1833,66.0,94,10,1.01,clear sky
1,New Norfolk,AU,2021-01-23 19:39:57,-42.7826,147.0587,55.99,74,5,2.53,clear sky
2,Cape Town,ZA,2021-01-23 19:38:58,-33.9258,18.4232,68.0,94,75,14.97,light rain
3,Sept-Iles,CA,2021-01-23 19:39:00,50.2001,-66.3821,21.0,79,100,10.36,light snow
4,Butaritari,KI,2021-01-23 19:39:15,3.0707,172.7902,79.45,81,95,11.86,overcast clouds
5,Salalah,OM,2021-01-23 19:39:58,17.0151,54.0924,73.4,23,0,10.36,clear sky
6,Gamba,GA,2021-01-23 19:39:58,-2.65,10.0,77.02,87,100,1.61,overcast clouds
7,Ushuaia,AR,2021-01-23 19:39:28,-54.8,-68.3,60.8,41,75,10.58,light rain
8,Ketchikan,US,2021-01-23 19:39:58,55.3422,-131.6461,32.0,100,90,5.75,mist
9,Saint-Felicien,CA,2021-01-23 19:39:58,48.6501,-72.4491,12.2,67,20,17.27,few clouds
10,Hobart,AU,2021-01-23 19:38:58,-42.8794,147.3294,57.0,94,20,5.75,few clouds
11,Hithadhoo,MV,2021-01-23 19:39:58,-0.6,73.0833,82.4,67,100,4.88,overcast clouds
12,Port Alfred,ZA,2021-01-23 19:39:59,-33.5906,26.891,70.0,93,92,7.0,overcast clouds
13,Cintalapa,MX,2021-01-23 19:39:59,16.6951,-93.7272,82.13,55,100,5.35,overcast clouds
14,Rawson,AR,2021-01-23 19:39:59,-43.3002,-65.1023,68.9,56,0,21.61,clear sky
15,Port Elizabeth,ZA,2021-01-23 19:39:08,-33.918,25.5701,68.0,88,75,20.71,broken clouds
16,Catamarca,AR,2021-01-23 19:39:59,-28.4696,-65.7852,89.01,50,40,11.9,light rain
17,Ongandjera,NA,2021-01-23 19:39:59,-17.8833,15.0667,77.31,51,100,12.17,overcast clouds
18,Thompson,CA,2021-01-23 19:39:59,55.7435,-97.8558,-11.2,77,75,10.36,light snow
19,Matara,LK,2021-01-23 19:40:00,5.9485,80.5353,72.82,88,0,7.99,clear sky
20,Blackfoot,US,2021-01-23 19:40:00,43.1905,-112.345,30.99,74,75,9.22,broken clouds
21,East London,ZA,2021-01-23 19:38:13,-33.0153,27.9116,71.6,88,75,21.85,light rain
22,Saskylakh,RU,2021-01-23 19:40:00,71.9167,114.0833,-30.62,82,84,5.93,broken clouds
23,Bethel,US,2021-01-23 19:40:00,41.3712,-73.414,28.99,31,1,14.97,clear sky
24,Tasiilaq,GL,2021-01-23 19:40:00,65.6145,-37.6368,15.8,45,20,4.09,few clouds
25,Khatanga,RU,2021-01-23 19:40:01,71.9667,102.5,-27.29,84,100,11.39,overcast clouds
26,Bartlesville,US,2021-01-23 19:40:01,36.7473,-95.9808,43.0,49,90,16.11,overcast clouds
27,Olinda,BR,2021-01-23 19:36:14,-8.0089,-34.8553,80.6,65,75,14.97,broken clouds
28,Tiksi,RU,2021-01-23 19:40:01,71.6872,128.8694,-42.34,79,35,5.32,scattered clouds
29,Hermanus,ZA,2021-01-23 19:39:03,-34.4187,19.2345,62.01,95,99,1.99,overcast clouds
30,Nagaur,IN,2021-01-23 19:40:01,27.2,73.7333,56.1,35,0,10.27,clear sky
31,Foz,ES,2021-01-23 19:40:02,43.5692,-7.2544,54.0,88,100,11.99,light rain
32,Cabo San Lucas,MX,2021-01-23 19:40:03,22.8909,-109.9124,71.6,56,75,10.36,broken clouds
33,Pacific Grove,US,2021-01-23 19:38:10,36.6177,-121.9166,52.0,76,40,6.91,scattered clouds
34,Punta Arenas,CL,2021-01-23 19:40:03,-53.15,-70.9167,59.0,47,0,28.77,clear sky
35,Hofn,IS,2021-01-23 19:40:03,64.2539,-15.2082,34.36,83,100,29.19,overcast clouds
36,Ihosy,MG,2021-01-23 19:40:04,-22.4,46.1167,70.72,89,100,4.18,moderate rain
37,Daru,PG,2021-01-23 19:40:04,-9.0763,143.2092,76.41,92,100,8.77,light rain
38,Pevek,RU,2021-01-23 19:40:04,69.7008,170.3133,-11.06,90,100,9.73,overcast clouds
39,Kahului,US,2021-01-23 19:39:57,20.8947,-156.47,75.2,69,40,19.57,scattered clouds
40,Darhan,MN,2021-01-23 19:40:04,49.4867,105.9228,6.91,93,100,3.87,overcast clouds
41,Westport,US,2021-01-23 19:36:42,41.1415,-73.3579,33.8,27,1,21.85,clear sky
42,Campo Maior,BR,2021-01-23 19:40:05,-4.8278,-42.1686,86.59,58,98,5.14,overcast clouds
43,Alice Springs,AU,2021-01-23 19:40:05,-23.7,133.8833,87.8,42,100,14.97,overcast clouds
44,Kalmar,SE,2021-01-23 19:40:05,56.6616,16.3616,36.0,100,100,3.44,light rain
45,Atuona,PF,2021-01-23 19:40:05,-9.8,-139.0333,78.13,79,1,17.74,clear sky
46,Upernavik,GL,2021-01-23 19:40:05,72.7868,-56.1549,21.18,79,100,5.5,overcast clouds
47,Arraial Do Cabo,BR,2021-01-23 19:40:05,-22.9661,-42.0278,86.0,74,0,21.85,clear sky
48,Saint-Philippe,RE,2021-01-23 19:40:06,-21.3585,55.7679,80.6,74,0,4.61,clear sky
49,Caravelas,BR,2021-01-23 19:40:06,-17.7125,-39.2481,80.02,68,61,8.03,broken clouds
50,Itainopolis,BR,2021-01-23 19:40:06,-7.4469,-41.4783,85.05,47,100,7.05,moderate rain
51,Puerto Ayacucho,VE,2021-01-23 19:40:07,5.6639,-67.6236,90.27,55,73,3.36,light rain
52,Yellowknife,CA,2021-01-23 19:39:07,62.456,-114.3525,-20.0,69,20,5.75,few clouds
53,Taltal,CL,2021-01-23 19:40:07,-25.4,-70.4833,71.62,58,22,6.46,few clouds
54,Victoria,HK,2021-01-23 19:36:39,22.2855,114.1577,64.99,85,46,8.59,scattered clouds
55,Ribeira Grande,PT,2021-01-23 19:40:07,38.5167,-28.7,62.6,94,75,16.11,broken clouds
56,Bethanien,NA,2021-01-23 19:40:07,-26.502,17.1583,84.58,34,89,14.41,overcast clouds
57,Olafsvik,IS,2021-01-23 19:40:08,64.8945,-23.7142,29.48,91,89,35.84,overcast clouds
58,Rikitea,PF,2021-01-23 19:40:08,-23.1203,-134.9692,78.84,67,0,10.31,clear sky
59,Luderitz,NA,2021-01-23 19:40:08,-26.6481,15.1594,72.37,48,100,27.47,overcast clouds
60,Estelle,US,2021-01-23 19:40:08,29.8458,-90.1067,62.01,100,90,13.8,overcast clouds
61,Iqaluit,CA,2021-01-23 19:40:08,63.7506,-68.5145,14.0,85,20,8.05,few clouds
62,Torbay,CA,2021-01-23 19:35:18,47.6666,-52.7314,25.0,93,90,20.71,overcast clouds
63,Georgetown,MY,2021-01-23 19:40:09,5.4112,100.3354,79.0,94,20,3.65,few clouds
64,Pangnirtung,CA,2021-01-23 19:40:09,66.1451,-65.7125,14.0,79,20,2.66,few clouds
65,Tuy Hoa,VN,2021-01-23 19:40:09,13.0833,109.3,67.95,90,40,4.56,scattered clouds
66,Pachino,IT,2021-01-23 19:40:09,36.7186,15.0907,48.2,81,6,5.75,clear sky
67,Tres Palos,MX,2021-01-23 19:40:09,18.1833,-101.6167,86.0,62,75,4.45,broken clouds
68,Bluff,NZ,2021-01-23 19:40:09,-46.6,168.3333,53.01,88,67,5.01,broken clouds
69,Busselton,AU,2021-01-23 19:40:10,-33.65,115.3333,61.0,88,85,1.97,overcast clouds
70,Albany,US,2021-01-23 19:40:10,42.6001,-73.9662,23.0,46,0,3.0,clear sky
71,Kortkeros,RU,2021-01-23 19:40:10,61.8106,51.5806,-4.0,77,100,8.95,light snow
72,Komsomolskiy,UZ,2021-01-23 19:40:10,40.4272,71.7189,26.6,50,79,4.61,broken clouds
73,Belogorsk,RU,2021-01-23 19:40:10,50.9158,128.4611,-14.64,87,15,9.46,few clouds
74,Miami,US,2021-01-23 19:35:30,25.7743,-80.1937,79.0,38,20,4.61,few clouds
75,Nuuk,GL,2021-01-23 19:39:57,64.1835,-51.7216,21.2,68,1,4.61,clear sky
76,Traunstein,DE,2021-01-23 19:40:11,47.8833,12.65,33.8,93,75,6.91,broken clouds
77,Huaibei,CN,2021-01-23 19:37:23,33.9744,116.7917,42.01,60,100,6.13,overcast clouds
78,Tokur,RU,2021-01-23 19:40:11,53.1333,132.9,-13.29,91,100,1.74,overcast clouds
79,Almaznyy,RU,2021-01-23 19:40:11,48.0448,40.045,35.6,80,75,11.18,broken clouds
80,Bengkulu,ID,2021-01-23 19:40:11,-3.8004,102.2655,76.71,82,92,4.47,overcast clouds
81,Galveston,US,2021-01-23 19:40:12,29.3669,-94.9669,63.0,82,90,13.8,haze
82,Baruun-Urt,MN,2021-01-23 19:40:12,46.6806,113.2792,6.24,88,2,10.83,clear sky
83,Saldanha,ZA,2021-01-23 19:38:57,-33.0117,17.9442,68.0,77,100,13.8,overcast clouds
84,Chuy,UY,2021-01-23 19:40:12,-33.6971,-53.4616,79.65,67,1,12.71,clear sky
85,Samarai,PG,2021-01-23 19:40:12,-10.6167,150.6667,82.2,75,100,8.84,moderate rain
86,Rio Gallegos,AR,2021-01-23 19:40:12,-51.6226,-69.2181,68.0,30,75,10.36,broken clouds
87,Vilhena,BR,2021-01-23 19:38:15,-12.7406,-60.1458,78.8,78,75,3.44,light rain
88,Isangel,VU,2021-01-23 19:40:13,-19.55,169.2667,77.23,89,100,7.29,overcast clouds
89,Zhigansk,RU,2021-01-23 19:40:13,66.7697,123.3711,-54.2,67,51,2.71,broken clouds
90,Coos Bay,US,2021-01-23 19:40:13,43.3665,-124.2179,46.99,70,1,6.24,clear sky
91,Chokurdakh,RU,2021-01-23 19:40:13,70.6333,147.9167,-37.16,83,87,6.35,overcast clouds
92,Esperance,AU,2021-01-23 19:39:16,-33.8667,121.9,62.6,94,75,8.05,broken clouds
93,Batagay-Alyta,RU,2021-01-23 19:40:13,67.8006,130.4114,-40.09,74,79,1.14,broken clouds
94,Bubaque,GW,2021-01-23 19:40:13,11.2833,-15.8333,78.37,58,15,11.39,few clouds
95,Fuling,CN,2021-01-23 19:40:14,29.7022,107.3919,52.86,68,100,1.63,overcast clouds
96,Bathsheba,BB,2021-01-23 19:40:14,13.2167,-59.5167,84.2,58,40,14.97,scattered clouds
97,Pisco,PE,2021-01-23 19:40:14,-13.7,-76.2167,75.2,78,0,10.36,clear sky
98,Sitka,US,2021-01-23 19:39:41,57.0531,-135.33,37.4,93,90,3.44,light rain
99,Clyde River,CA,2021-01-23 19:40:14,70.4692,-68.5914,-7.6,84,75,8.05,mist
100,Severo-Kurilsk,RU,2021-01-23 19:40:14,50.6789,156.125,22.26,95,88,34.27,snow
101,Karacabey,TR,2021-01-23 19:37:09,40.2152,28.4038,46.78,74,100,6.22,overcast clouds
102,Inirida,CO,2021-01-23 19:40:15,3.8653,-67.9239,82.63,74,84,3.62,light rain
103,Dikson,RU,2021-01-23 19:40:15,73.5069,80.5464,-17.86,90,92,5.12,overcast clouds
104,Bima,ID,2021-01-23 19:40:15,-8.4667,118.7167,76.42,84,90,1.05,overcast clouds
105,Muroto,JP,2021-01-23 19:40:15,33.2833,134.15,56.19,85,97,19.04,light rain
106,Niquelandia,BR,2021-01-23 19:40:15,-14.4739,-48.4597,82.92,64,70,4.76,broken clouds
107,Aswan,EG,2021-01-23 19:40:15,24.0934,32.907,60.78,30,0,10.58,clear sky
108,Barbastro,ES,2021-01-23 19:40:16,42.0356,0.1269,44.6,100,75,1.14,light rain
109,Duma,CN,2021-01-23 19:40:16,34.7653,108.135,35.6,69,82,2.24,haze
110,Tilichiki,RU,2021-01-23 19:40:16,60.4667,166.1,-10.52,90,1,7.63,clear sky
111,Vyshkov,RU,2021-01-23 19:40:16,52.4764,31.6873,32.0,93,90,15.66,fog
112,Lutry,CH,2021-01-23 19:40:16,46.5024,6.6865,41.0,76,100,7.0,overcast clouds
113,San Jeronimo,PE,2021-01-23 19:40:16,-11.9472,-75.2829,60.06,56,100,7.0,light rain
114,Sinnamary,GF,2021-01-23 19:39:55,5.3833,-52.95,78.64,88,100,12.64,light rain
115,Talnakh,RU,2021-01-23 19:38:58,69.4865,88.3972,-35.59,65,57,0.47,broken clouds
116,Asau,RO,2021-01-23 19:40:16,46.4333,26.4,39.99,60,93,4.12,overcast clouds
117,Souillac,MU,2021-01-23 19:40:17,-20.5167,57.5167,78.8,83,40,5.75,scattered clouds
118,Oruro,BO,2021-01-23 19:40:17,-17.9833,-67.15,58.05,45,71,9.95,light rain
119,Puerto Ayora,EC,2021-01-23 19:39:18,-0.7393,-90.3518,84.2,65,40,13.8,scattered clouds
120,Hilo,US,2021-01-23 19:36:24,19.7297,-155.09,75.2,69,90,4.21,light rain
121,Abha,SA,2021-01-23 19:40:17,18.2164,42.5053,57.2,67,14,3.42,few clouds
122,El Alto,PE,2021-01-23 19:40:18,-4.2714,-81.2147,87.8,48,0,10.36,clear sky
123,Mataura,NZ,2021-01-23 19:40:18,-46.1927,168.8643,53.01,88,96,5.01,overcast clouds
124,Lahij,YE,2021-01-23 19:40:18,13.1667,44.5833,69.3,69,51,6.51,broken clouds
125,Balaipungut,ID,2021-01-23 19:40:18,1.05,101.2833,73.27,95,75,1.54,broken clouds
126,Barrow,US,2021-01-23 19:39:15,71.2906,-156.7887,6.8,78,90,23.02,snow
127,Plettenberg Bay,ZA,2021-01-23 19:40:19,-34.0527,23.3716,68.59,72,38,7.92,scattered clouds
128,Robertsport,LR,2021-01-23 19:40:19,6.7533,-11.3686,80.51,81,3,10.38,clear sky
129,Jamestown,US,2021-01-23 19:40:19,42.097,-79.2353,21.99,73,90,17.27,light snow
130,Ahipara,NZ,2021-01-23 19:40:19,-35.1667,173.1667,66.47,71,34,8.77,scattered clouds
131,Comodoro Rivadavia,AR,2021-01-23 19:39:10,-45.8667,-67.5,68.0,42,0,12.66,clear sky
132,Betare Oya,CM,2021-01-23 19:40:19,5.6,14.0833,73.0,26,63,3.33,broken clouds
133,Urcos,PE,2021-01-23 19:40:19,-13.6861,-71.6228,66.2,39,40,4.61,moderate rain
134,Lebu,CL,2021-01-23 19:40:20,-37.6167,-73.65,65.3,76,10,17.78,clear sky
135,Antofagasta,CL,2021-01-23 19:38:52,-23.65,-70.4,73.99,68,0,13.8,clear sky
136,Tashla,RU,2021-01-23 19:40:20,51.7716,52.7427,20.16,97,100,10.36,light snow
137,San Patricio,US,2021-01-23 19:39:16,28.017,-97.5169,69.8,94,90,14.97,overcast clouds
138,Lagoa,PT,2021-01-23 19:39:19,39.05,-27.9833,62.29,83,100,13.78,overcast clouds
139,Faanui,PF,2021-01-23 19:39:41,-16.4833,-151.75,81.23,70,5,14.32,clear sky
140,Vaini,TO,2021-01-23 19:40:21,-21.2,-175.2,78.8,94,75,4.61,moderate rain
141,Peniche,PT,2021-01-23 19:40:21,39.3558,-9.3811,59.0,90,100,20.0,overcast clouds
142,Sao Filipe,CV,2021-01-23 19:40:21,14.8961,-24.4956,75.47,62,0,11.92,clear sky
143,Kaitangata,NZ,2021-01-23 19:40:21,-46.2817,169.8464,60.01,50,100,5.01,overcast clouds
144,Iranshahr,IR,2021-01-23 19:40:22,27.2025,60.6848,41.0,15,0,4.61,clear sky
145,Trairi,BR,2021-01-23 19:40:22,-3.2778,-39.2689,82.92,69,99,12.97,overcast clouds
146,Jaisalmer,IN,2021-01-23 19:40:22,26.9147,70.9181,51.24,36,0,5.5,clear sky
147,Amapa,BR,2021-01-23 19:40:22,1.0,-52.0,78.64,93,100,4.45,overcast clouds
148,Hamilton,US,2021-01-23 19:37:09,39.1834,-84.5333,32.0,47,1,3.65,clear sky
149,New Castle,US,2021-01-23 19:38:03,41.0037,-80.347,25.0,68,90,8.05,overcast clouds
150,Ulladulla,AU,2021-01-23 19:40:23,-35.35,150.4667,69.8,100,3,4.61,clear sky
151,Cherskiy,RU,2021-01-23 19:40:23,68.75,161.3,-24.47,86,100,4.43,overcast clouds
152,Makaha,US,2021-01-23 19:40:23,21.4694,-158.2175,75.2,73,20,9.22,few clouds
153,Hasaki,JP,2021-01-23 19:40:23,35.7333,140.8333,39.2,100,75,19.57,light rain
154,Mahebourg,MU,2021-01-23 19:40:23,-20.4081,57.7,78.8,83,40,5.75,scattered clouds
155,Kirensk,RU,2021-01-23 19:40:24,57.7853,108.1119,-18.85,86,100,1.1,overcast clouds
156,Calvinia,ZA,2021-01-23 19:40:24,-31.4707,19.776,68.38,35,2,7.4,clear sky
157,Tigre,AR,2021-01-23 19:40:24,-34.426,-58.5796,93.0,46,0,8.05,clear sky
158,Vangaindrano,MG,2021-01-23 19:40:25,-23.35,47.6,77.36,88,13,1.95,light rain
159,Boguchany,RU,2021-01-23 19:40:25,58.3814,97.4531,-9.94,88,100,3.15,overcast clouds
160,Hambantota,LK,2021-01-23 19:40:25,6.1241,81.1185,75.2,100,0,8.05,clear sky
161,Chernushka,RU,2021-01-23 19:40:25,56.5072,56.0766,6.85,94,100,9.75,snow
162,Saint George,US,2021-01-23 19:40:25,37.1041,-113.5841,50.0,49,1,6.91,clear sky
163,Fortuna,US,2021-01-23 19:40:25,40.5982,-124.1573,51.01,71,1,6.91,clear sky
164,Avarua,CK,2021-01-23 19:40:26,-21.2078,-159.775,84.2,70,20,8.05,few clouds
165,Kongolo,CD,2021-01-23 19:40:26,-5.3833,27.0,72.16,90,100,0.85,overcast clouds
166,Pozhva,RU,2021-01-23 19:40:26,59.0912,56.0847,-4.14,92,100,9.55,overcast clouds
167,Anadyr,RU,2021-01-23 19:40:26,64.75,177.4833,-13.0,77,0,13.42,clear sky
168,San Rafael,AR,2021-01-23 19:40:26,-34.6177,-68.3301,98.22,14,0,13.85,clear sky
169,Mareeba,AU,2021-01-23 19:40:26,-17.0,145.4333,77.0,78,57,10.36,broken clouds
170,Astana,KZ,2021-01-23 19:36:40,51.1801,71.446,-4.0,77,90,4.47,light snow
171,Thyboron,DK,2021-01-23 19:40:27,56.6985,8.2124,37.0,94,79,1.99,broken clouds
172,Tagusao,PH,2021-01-23 19:40:27,9.1924,117.8141,78.08,83,16,8.25,few clouds
173,Naryan-Mar,RU,2021-01-23 19:40:27,67.6713,53.087,-18.99,86,100,10.74,overcast clouds
174,Makakilo City,US,2021-01-23 19:40:27,21.3469,-158.0858,75.2,73,20,9.22,few clouds
175,Brokopondo,SR,2021-01-23 19:40:27,4.75,-55.1667,80.74,79,64,8.32,broken clouds
176,Kichera,RU,2021-01-23 19:40:27,55.9375,110.0997,-2.22,77,100,3.49,overcast clouds
177,Leningradskiy,RU,2021-01-23 19:40:28,69.3833,178.4167,-13.56,83,71,3.71,broken clouds
178,Kilindoni,TZ,2021-01-23 19:40:28,-7.9139,39.6668,81.66,80,100,12.17,overcast clouds
179,Port Blair,IN,2021-01-23 19:36:12,11.6667,92.75,76.28,67,56,6.96,broken clouds
180,Yei,SS,2021-01-23 19:40:28,4.095,30.6779,74.1,51,84,1.74,broken clouds
181,Dunedin,NZ,2021-01-23 19:40:28,-45.8742,170.5036,59.0,67,98,5.01,overcast clouds
182,Qasigiannguit,GL,2021-01-23 19:40:28,68.8193,-51.1922,21.2,38,20,12.66,few clouds
183,Giyon,ET,2021-01-23 19:40:28,8.5333,37.9833,62.4,35,66,13.89,broken clouds
184,Puerto Madryn,AR,2021-01-23 19:39:31,-42.7692,-65.0385,69.73,58,0,23.89,clear sky
185,Halifax,CA,2021-01-23 19:35:53,44.6453,-63.5724,30.2,86,99,2.3,light snow
186,Longyearbyen,SJ,2021-01-23 19:40:29,78.2186,15.6401,8.6,66,0,12.66,clear sky
187,Kruisfontein,ZA,2021-01-23 19:40:29,-34.0033,24.7314,71.01,77,100,7.0,overcast clouds
188,Inhambane,MZ,2021-01-23 19:38:09,-23.865,35.3833,84.0,89,75,13.8,moderate rain
189,Bredasdorp,ZA,2021-01-23 19:39:22,-34.5322,20.0403,64.4,88,100,17.27,overcast clouds
190,Hokitika,NZ,2021-01-23 19:40:29,-42.7167,170.9667,55.27,81,100,2.89,overcast clouds
191,La Palma,US,2021-01-23 19:40:30,33.8464,-118.0467,50.0,81,90,6.02,moderate rain
192,Jinka,ET,2021-01-23 19:40:08,5.65,36.65,72.14,50,76,4.18,broken clouds
193,Vieux Fort,LC,2021-01-23 19:40:30,13.7167,-60.95,84.2,61,40,14.97,scattered clouds
194,Pundaguitan,PH,2021-01-23 19:40:30,6.3711,126.1689,80.92,76,100,6.6,overcast clouds
195,San-Pedro,CI,2021-01-23 19:40:30,4.7485,-6.6363,79.14,84,9,6.82,clear sky
196,Mazyr,BY,2021-01-23 19:40:31,52.0495,29.2456,33.19,94,52,11.07,broken clouds
197,Kloulklubed,PW,2021-01-23 19:40:31,7.0419,134.2556,78.8,89,75,6.91,broken clouds
198,Tromso,NO,2021-01-23 19:40:31,69.6496,18.957,19.4,63,75,4.61,light snow
199,Luganville,VU,2021-01-23 19:40:31,-15.5333,167.1667,80.94,79,100,2.3,moderate rain
200,Hami,CN,2021-01-23 19:40:31,42.8,93.45,24.62,79,100,5.1,snow
201,Kiama,AU,2021-01-23 19:40:31,-34.6833,150.8667,73.0,92,0,5.99,clear sky
202,Trat,TH,2021-01-23 19:40:31,12.5,102.5,72.43,84,68,1.45,broken clouds
203,Mar Del Plata,AR,2021-01-23 19:39:13,-38.0023,-57.5575,82.4,69,0,14.97,clear sky
204,Date,JP,2021-01-23 19:40:32,42.4681,140.8681,23.49,93,65,6.08,broken clouds
205,Haines Junction,CA,2021-01-23 19:40:32,60.7522,-137.5108,1.4,85,100,1.48,overcast clouds
206,Abonnema,NG,2021-01-23 19:40:32,4.7084,6.7931,78.8,69,99,2.3,haze
207,Vila Franca Do Campo,PT,2021-01-23 19:40:32,37.7167,-25.4333,63.0,94,75,8.05,broken clouds
208,High Level,CA,2021-01-23 19:38:37,58.5169,-117.136,-13.0,84,75,9.22,broken clouds
209,Zhezkazgan,KZ,2021-01-23 19:40:32,47.8043,67.7144,-8.81,88,0,1.23,clear sky
210,Konotop,UA,2021-01-23 19:40:32,51.2403,33.2026,36.05,98,100,9.33,overcast clouds
211,Muros,ES,2021-01-23 19:40:32,42.7762,-9.0603,55.99,82,100,8.99,overcast clouds
212,Axim,GH,2021-01-23 19:40:33,4.8699,-2.2405,79.36,82,44,8.23,scattered clouds
213,Airai,TL,2021-01-23 19:40:33,-8.9266,125.4092,61.86,100,93,1.86,light rain
214,Havelock,US,2021-01-23 19:40:33,34.8791,-76.9013,51.01,34,1,14.97,clear sky
215,Carnarvon,AU,2021-01-23 19:40:33,-24.8667,113.6333,75.2,60,75,13.8,broken clouds
216,Ponta Do Sol,PT,2021-01-23 19:39:15,32.6667,-17.1,61.0,78,100,1.01,overcast clouds
217,Wasilla,US,2021-01-23 19:39:35,61.5814,-149.4394,35.6,55,90,12.66,overcast clouds
218,Grand Forks,US,2021-01-23 19:40:33,47.9417,-97.4337,24.8,93,90,12.66,overcast clouds
219,Sistranda,NO,2021-01-23 19:40:33,63.7256,8.834,35.6,100,75,10.36,broken clouds
220,Paredon,MX,2021-01-23 19:40:34,16.0333,-93.8667,85.62,60,100,10.27,overcast clouds
221,Kapaa,US,2021-01-23 19:37:32,22.0752,-159.319,71.6,94,90,19.57,moderate rain
222,Shemursha,RU,2021-01-23 19:40:34,54.8866,47.5189,34.63,99,100,9.73,snow
223,Lorengau,PG,2021-01-23 19:40:34,-2.0226,147.2712,80.29,73,88,3.98,overcast clouds
224,Inta,RU,2021-01-23 19:40:34,66.0317,60.1659,-22.41,75,0,6.67,clear sky
225,Roma,US,2021-01-23 19:36:05,43.2128,-75.4557,19.0,62,20,17.27,few clouds
226,Flinders,AU,2021-01-23 19:40:34,-34.5833,150.8552,73.0,88,0,1.01,clear sky
227,Geraldton,AU,2021-01-23 19:40:34,-28.7667,114.6,71.6,68,75,10.36,broken clouds
228,Hirara,JP,2021-01-23 19:37:18,24.8,125.2833,66.74,79,100,26.98,overcast clouds
229,Hualmay,PE,2021-01-23 19:40:35,-11.0964,-77.6139,76.8,64,56,9.66,broken clouds
230,Moscow,RU,2021-01-23 19:39:18,55.7522,37.6156,35.01,100,90,6.71,fog
231,Port Macquarie,AU,2021-01-23 19:40:35,-31.4333,152.9167,62.01,99,8,9.28,clear sky
232,Vicuna,CL,2021-01-23 19:40:36,-30.0319,-70.7081,84.99,32,0,1.99,clear sky
233,Caborca,MX,2021-01-23 19:40:36,30.5838,-111.101,64.99,65,1,8.01,clear sky
234,Cap Malheureux,MU,2021-01-23 19:39:36,-19.9842,57.6142,79.0,76,0,1.99,clear sky
235,Glendive,US,2021-01-23 19:40:36,47.1053,-104.7125,26.01,74,75,13.8,broken clouds
236,Bandarbeyla,SO,2021-01-23 19:40:36,9.4942,50.8122,74.68,72,95,19.46,overcast clouds
237,Dodoma,TZ,2021-01-23 19:40:36,-6.1722,35.7395,66.69,90,100,6.49,overcast clouds
238,Brigantine,US,2021-01-23 19:40:36,39.4101,-74.3646,34.0,34,1,31.07,clear sky
239,Wajid,SO,2021-01-23 19:40:37,3.8093,43.2471,81.05,31,98,12.39,overcast clouds
240,Yerbogachen,RU,2021-01-23 19:40:37,61.2767,108.0108,-52.01,75,68,1.54,broken clouds
241,Castro,BR,2021-01-23 19:39:03,-24.7911,-50.0119,72.03,83,100,2.91,overcast clouds
242,Copiapo,CL,2021-01-23 19:38:52,-27.3667,-70.3333,73.4,56,20,11.5,few clouds
243,Klaksvik,FO,2021-01-23 19:40:37,62.2266,-6.589,28.4,93,75,3.56,light rain
244,Ambilobe,MG,2021-01-23 19:40:37,-13.2,49.05,74.57,92,11,1.79,few clouds
245,Cayenne,GF,2021-01-23 19:40:37,4.9333,-52.3333,80.6,83,75,11.5,light rain
246,Rezekne,LV,2021-01-23 19:40:37,56.5,27.3167,37.33,95,100,12.21,overcast clouds
247,Kodiak,US,2021-01-23 19:40:38,57.79,-152.4072,39.2,56,1,10.36,clear sky
248,Nanortalik,GL,2021-01-23 19:39:13,60.1432,-45.2371,23.45,88,0,7.29,clear sky
249,Narsaq,GL,2021-01-23 19:40:38,60.9167,-46.05,28.4,31,1,18.41,clear sky
250,Roth,DE,2021-01-23 19:40:38,49.245,11.0911,35.01,100,20,5.75,few clouds
251,Umm Kaddadah,SD,2021-01-23 19:40:38,13.6017,26.6876,68.68,24,53,13.8,broken clouds
252,Dhidhdhoo,MV,2021-01-23 19:40:38,6.8833,73.1,81.68,74,8,9.22,clear sky
253,Balabac,PH,2021-01-23 19:40:38,7.9868,117.0645,79.09,85,22,9.4,few clouds
254,Ostrovnoy,RU,2021-01-23 19:40:39,68.0531,39.5131,4.71,93,100,18.14,snow
255,Tocopilla,CL,2021-01-23 19:40:39,-22.092,-70.1979,74.91,50,21,10.47,few clouds
256,Mahuva,IN,2021-01-23 19:40:39,21.0914,71.7622,68.31,47,0,9.95,clear sky
257,Bonthe,SL,2021-01-23 19:40:39,7.5264,-12.505,78.91,80,18,10.83,few clouds
258,Fairbanks,US,2021-01-23 19:40:39,64.8378,-147.7164,21.99,78,40,3.44,scattered clouds
259,Qaanaaq,GL,2021-01-23 19:40:39,77.484,-69.3632,17.85,79,100,3.67,overcast clouds
260,Lasa,IT,2021-01-23 19:40:39,46.6166,10.7002,35.6,87,40,3.44,scattered clouds
261,Merauke,ID,2021-01-23 19:40:40,-8.4667,140.3333,78.75,87,76,9.69,light rain
262,Nikolskoye,RU,2021-01-23 19:40:40,59.7035,30.7861,34.0,93,90,4.47,overcast clouds
263,Mon,IN,2021-01-23 19:37:08,26.75,95.1,54.61,87,37,2.3,scattered clouds
264,Sorong,ID,2021-01-23 19:40:40,-0.8833,131.25,79.5,81,73,2.62,broken clouds
265,Sur,OM,2021-01-23 19:40:40,22.5667,59.5289,65.62,60,0,12.97,clear sky
266,Tuktoyaktuk,CA,2021-01-23 19:39:00,69.4541,-133.0374,-20.2,76,1,16.11,snow
267,Cockburn Town,TC,2021-01-23 19:40:40,21.4612,-71.1419,80.6,69,40,6.91,scattered clouds
268,Port Pirie,AU,2021-01-23 19:40:41,-33.1833,138.0167,73.4,43,100,10.04,overcast clouds
269,Huarmey,PE,2021-01-23 19:40:41,-10.0681,-78.1522,76.64,63,11,9.57,few clouds
270,Tautira,PF,2021-01-23 19:40:41,-17.7333,-149.15,86.0,66,20,4.61,few clouds
271,Panaba,MX,2021-01-23 19:40:41,21.2833,-88.2667,84.67,52,0,7.0,clear sky
272,Sao Joao Da Barra,BR,2021-01-23 19:39:59,-21.6403,-41.0511,86.0,51,20,14.97,few clouds
273,Lichinga,MZ,2021-01-23 19:40:41,-13.3128,35.2406,66.2,94,75,10.36,moderate rain
274,La Ronge,CA,2021-01-23 19:40:41,55.1001,-105.2842,-14.8,64,20,8.05,few clouds
275,Klyuchi,RU,2021-01-23 19:40:41,52.2667,79.1667,-1.71,93,100,6.15,overcast clouds
276,San Cristobal,VE,2021-01-23 19:40:42,7.7669,-72.225,87.8,55,40,12.66,scattered clouds
277,Pangody,RU,2021-01-23 19:40:42,65.85,74.4859,-44.81,79,24,4.54,few clouds
278,Padang,ID,2021-01-23 19:40:42,-0.9492,100.3543,75.2,88,75,2.3,broken clouds
279,Katsuura,JP,2021-01-23 19:40:42,35.1333,140.3,39.2,93,75,23.02,light rain
280,Krasnogorsk,RU,2021-01-23 19:40:42,55.8225,37.3181,34.0,100,90,6.71,fog
281,Unity,CA,2021-01-23 19:40:42,52.4501,-109.1682,-13.58,88,0,4.38,clear sky
282,Meulaboh,ID,2021-01-23 19:40:43,4.1363,96.1285,75.94,89,67,3.53,broken clouds
283,Mtwara,TZ,2021-01-23 19:40:43,-10.2667,40.1833,79.32,85,100,6.91,light rain
284,Kieta,PG,2021-01-23 19:40:43,-6.2167,155.6333,77.45,72,100,3.24,overcast clouds
285,Cidreira,BR,2021-01-23 19:40:43,-30.1811,-50.2056,78.8,76,0,15.26,clear sky
286,Carlsbad,US,2021-01-23 19:40:43,33.1581,-117.3506,55.99,71,90,3.44,overcast clouds
287,Manapparai,IN,2021-01-23 19:40:43,10.6,78.4167,75.2,88,20,3.44,mist
288,Tabou,CI,2021-01-23 19:40:44,4.423,-7.3528,78.78,85,2,7.65,clear sky
289,Srednekolymsk,RU,2021-01-23 19:40:44,67.45,153.6833,-29.74,84,100,8.41,overcast clouds
290,Namibe,AO,2021-01-23 19:40:44,-15.1961,12.1522,74.66,75,99,5.19,overcast clouds
291,Mogadishu,SO,2021-01-23 19:40:44,2.0371,45.3438,76.59,82,55,21.05,broken clouds
292,Arlit,NE,2021-01-23 19:40:44,18.7369,7.3853,65.98,21,0,10.83,clear sky
293,Kjollefjord,NO,2021-01-23 19:40:44,70.9457,27.3465,20.3,93,100,26.22,overcast clouds
294,Tunkas,MX,2021-01-23 19:40:44,20.9,-88.75,88.12,45,0,5.64,clear sky
295,Yaring,TH,2021-01-23 19:40:45,6.8662,101.3689,75.78,85,61,9.35,broken clouds
296,Nogliki,RU,2021-01-23 19:40:45,51.8333,143.1667,-1.43,90,100,4.76,overcast clouds
297,Lavrentiya,RU,2021-01-23 19:40:45,65.5833,-171.0,-2.16,86,82,4.59,broken clouds
298,Khorixas,NA,2021-01-23 19:40:45,-20.3667,14.9667,67.55,82,100,10.65,overcast clouds
299,Verkhnyaya Inta,RU,2021-01-23 19:40:45,65.9811,60.3094,-20.96,75,0,7.11,clear sky
300,Port Hedland,AU,2021-01-23 19:40:45,-20.3167,118.5667,84.2,65,5,14.97,clear sky
301,Celestun,MX,2021-01-23 19:40:45,20.8667,-90.4,82.35,60,0,7.16,clear sky
302,Dubinino,RU,2021-01-23 19:40:45,55.6192,89.0911,-2.9,87,95,5.77,overcast clouds
303,Puro,PH,2021-01-23 19:40:46,12.4841,123.3827,77.9,82,100,1.66,overcast clouds
304,Guerrero Negro,MX,2021-01-23 19:40:13,27.9769,-114.0611,63.68,57,72,8.05,broken clouds
305,Tahoua,NE,2021-01-23 19:40:46,14.8888,5.2692,77.0,13,0,4.61,clear sky
306,Mindelo,CV,2021-01-23 19:40:46,16.8901,-24.9804,73.4,68,40,26.46,scattered clouds
307,Kaili,ID,2021-01-23 19:40:46,-3.4626,120.2147,67.44,93,100,0.98,light rain
308,Khuzdar,PK,2021-01-23 19:40:46,27.7384,66.6434,40.5,46,3,8.43,clear sky
309,Ayagoz,KZ,2021-01-23 19:40:46,47.9714,80.4392,10.38,95,100,10.96,snow
310,Kakamega,KE,2021-01-23 19:40:47,0.2842,34.7523,66.69,67,84,6.22,broken clouds
311,Hurghada,EG,2021-01-23 19:40:47,27.2574,33.8129,60.8,51,0,5.75,clear sky
312,Cusuna,HN,2021-01-23 19:40:47,15.85,-85.2333,83.64,62,48,10.87,scattered clouds
313,Norfolk,US,2021-01-23 19:40:47,42.1668,-71.2495,28.99,43,0,14.97,clear sky
314,Laredo,US,2021-01-23 19:40:47,27.5064,-99.5075,66.2,88,90,8.05,overcast clouds
315,Ornskoldsvik,SE,2021-01-23 19:40:47,63.2909,18.7153,19.4,93,90,5.75,light snow
316,Flin Flon,CA,2021-01-23 19:40:47,54.7682,-101.865,-7.6,64,75,10.36,snow
317,Nantucket,US,2021-01-23 19:40:47,41.2835,-70.0995,30.99,47,40,20.71,scattered clouds
318,Marzuq,YE,2021-01-23 19:40:48,14.4,46.4667,56.16,38,64,1.7,broken clouds
319,Challapata,BO,2021-01-23 19:40:48,-18.9,-66.7667,57.74,43,46,5.39,scattered clouds
320,Mount Isa,AU,2021-01-23 19:39:19,-20.7333,139.5,77.0,73,100,4.61,overcast clouds
321,Beidao,CN,2021-01-23 19:40:48,34.5686,105.8933,36.18,83,100,1.52,light rain
322,Kuryk,KZ,2021-01-23 19:40:48,43.2,51.65,39.7,82,14,15.1,few clouds
323,Katherine,AU,2021-01-23 19:40:48,-14.4667,132.2667,78.8,89,90,2.3,overcast clouds
324,Zaria,NG,2021-01-23 19:40:48,11.1113,7.7227,71.02,21,64,10.38,broken clouds
325,Seymchan,RU,2021-01-23 19:40:49,62.8833,152.4333,-29.42,83,100,2.48,overcast clouds
326,Zhicheng,CN,2021-01-23 19:40:49,30.2956,111.5047,43.0,88,11,1.88,few clouds
327,Kavaratti,IN,2021-01-23 19:40:49,10.5669,72.642,81.05,72,26,9.48,scattered clouds
328,Amazar,RU,2021-01-23 19:40:49,53.858,120.875,-11.45,85,100,3.13,overcast clouds
329,Kamina,CD,2021-01-23 19:40:49,-8.7386,24.9906,64.8,95,100,3.51,overcast clouds
330,Vila Velha,BR,2021-01-23 19:40:49,-20.3297,-40.2925,82.4,74,20,11.5,light rain
331,Muisne,EC,2021-01-23 19:40:49,0.6,-80.0333,84.2,89,20,8.05,light rain
332,Meadow Lake,US,2021-01-23 19:40:49,34.8014,-106.5436,57.0,37,75,12.66,broken clouds
333,Aklavik,CA,2021-01-23 19:40:50,68.2191,-135.0107,-0.4,85,75,8.05,broken clouds
334,Oistins,BB,2021-01-23 19:40:50,13.0667,-59.5333,84.2,58,40,14.97,scattered clouds
335,Wadi Musa,JO,2021-01-23 19:40:50,30.3222,35.4793,43.88,51,0,4.47,clear sky
336,Suntar,RU,2021-01-23 19:40:50,62.1444,117.6319,-52.38,75,45,4.16,scattered clouds
337,Saint-Pierre,RE,2021-01-23 19:40:50,-21.3393,55.4781,80.6,74,0,5.75,clear sky
338,Djambala,CG,2021-01-23 19:40:50,-2.5447,14.7533,69.71,92,100,4.0,overcast clouds
339,Launceston,AU,2021-01-23 19:40:50,-41.45,147.1667,57.0,100,75,2.3,mist
340,Akdepe,TM,2021-01-23 19:39:46,42.0551,59.3788,33.8,80,90,4.61,overcast clouds
341,Coolum Beach,AU,2021-01-23 19:40:51,-26.5333,153.1,69.01,89,98,6.31,overcast clouds
342,Mackenzie,CA,2021-01-23 19:40:51,55.2999,-123.1698,10.4,79,90,11.5,light snow
343,Bowen,AU,2021-01-23 19:40:51,-20.0167,148.2333,69.8,94,5,5.75,light rain
344,Altamira,BR,2021-01-23 19:35:52,-3.2033,-52.2064,89.6,62,40,4.61,light rain
345,Banff,CA,2021-01-23 19:40:51,51.1762,-115.5698,12.2,66,18,3.44,few clouds
346,Noumea,NC,2021-01-23 19:40:51,-22.2763,166.4572,79.0,83,90,12.66,overcast clouds
347,Jinchang,CN,2021-01-23 19:40:52,38.4953,102.1739,25.57,79,100,11.16,overcast clouds
348,Abu Dhabi,AE,2021-01-23 19:40:52,24.4667,54.3667,68.0,68,0,6.91,clear sky
349,Yanam,IN,2021-01-23 19:40:52,16.7333,82.2167,67.64,94,0,1.32,clear sky
350,Sazava,CZ,2021-01-23 19:40:52,49.8716,14.8967,36.0,91,100,2.91,overcast clouds
351,Tevaitoa,PF,2021-01-23 19:40:52,-16.7833,-151.5,81.32,69,9,13.33,clear sky
352,Houma,US,2021-01-23 19:40:52,29.5958,-90.7195,62.6,94,90,14.97,mist
353,Havre,FR,2021-01-23 19:40:52,49.5833,0.3333,39.2,65,75,16.11,broken clouds
354,Jalu,LY,2021-01-23 19:40:53,29.0331,21.5482,51.96,44,0,8.55,clear sky
355,Weligama,LK,2021-01-23 19:40:53,5.9667,80.4167,73.0,88,0,7.02,clear sky
356,Guozhen,CN,2021-01-23 19:40:53,34.3659,107.359,38.17,70,100,1.74,overcast clouds
357,Nenjiang,CN,2021-01-23 19:40:53,49.1833,125.2167,1.08,91,40,4.88,scattered clouds
358,Falam,MM,2021-01-23 19:39:58,22.9167,93.6833,44.67,72,0,2.71,clear sky
359,Teguldet,RU,2021-01-23 19:40:53,57.3064,88.1667,-5.55,92,100,3.89,overcast clouds
360,Torrevieja,ES,2021-01-23 19:40:53,37.9787,-0.6822,57.99,63,100,1.01,overcast clouds
361,College,US,2021-01-23 19:40:53,64.8569,-147.8028,21.99,78,40,3.44,scattered clouds
362,Pochutla,MX,2021-01-23 19:40:54,15.7432,-96.4661,89.6,51,75,9.22,broken clouds
363,Lompoc,US,2021-01-23 19:40:54,34.6391,-120.4579,51.8,82,90,6.91,light rain
364,Codrington,AU,2021-01-23 19:40:54,-38.2667,141.9667,64.72,62,100,7.74,overcast clouds
365,Constitucion,CL,2021-01-23 19:39:03,-35.3333,-72.4167,67.23,70,15,6.89,few clouds
366,Beringovskiy,RU,2021-01-23 19:40:54,63.05,179.3167,-9.63,88,1,2.95,clear sky
367,Bacolod,PH,2021-01-23 19:40:17,10.6667,122.95,76.71,80,100,1.36,light rain
368,Omboue,GA,2021-01-23 19:40:54,-1.5746,9.2618,78.03,83,100,3.53,overcast clouds
369,Makat,KZ,2021-01-23 19:40:54,47.6469,53.3463,31.78,99,100,9.55,overcast clouds
370,Alofi,NU,2021-01-23 19:40:55,-19.0595,-169.9187,80.6,89,26,3.44,light rain
371,Severo-Yeniseyskiy,RU,2021-01-23 19:40:55,60.3725,93.0408,-17.61,89,100,3.09,overcast clouds
372,Manzhouli,CN,2021-01-23 19:40:55,49.6,117.4333,5.52,88,97,2.98,overcast clouds
373,Ilhabela,BR,2021-01-23 19:40:55,-23.7781,-45.3581,79.09,74,78,10.09,broken clouds
374,Petropavlovsk-Kamchatskiy,RU,2021-01-23 19:40:55,53.0452,158.6483,-2.2,65,3,11.18,clear sky
375,Bilibino,RU,2021-01-23 19:40:55,68.0546,166.4372,-25.01,83,100,2.55,overcast clouds
376,Buin,CL,2021-01-23 19:40:55,-33.7333,-70.75,89.01,44,0,8.05,clear sky
377,Half Moon Bay,US,2021-01-23 19:39:59,37.4636,-122.4286,53.6,76,75,10.36,broken clouds
378,Thinadhoo,MV,2021-01-23 19:40:56,0.5333,72.9333,82.81,67,80,3.85,broken clouds
379,Kavieng,PG,2021-01-23 19:40:56,-2.5744,150.7967,81.37,78,100,6.8,light rain
380,Masaguisi,PH,2021-01-23 19:40:56,12.7545,121.4484,75.31,82,10,2.17,clear sky
381,Linqiong,CN,2021-01-23 19:39:30,30.4159,103.4609,52.0,81,97,1.81,mist
382,Antalaha,MG,2021-01-23 19:40:56,-14.9003,50.2788,76.62,87,25,5.64,moderate rain
383,Kumbo,CM,2021-01-23 19:40:56,6.2,10.6667,62.87,30,99,6.51,overcast clouds
384,Wawa,NG,2021-01-23 19:40:57,9.9022,4.4192,80.92,16,0,4.65,clear sky
385,Kaduna,NG,2021-01-23 19:40:57,10.5222,7.4383,74.34,19,97,9.4,overcast clouds
386,Port Augusta,AU,2021-01-23 19:40:57,-32.5,137.7667,82.99,43,100,1.63,overcast clouds
387,Urumqi,CN,2021-01-23 19:36:09,43.801,87.6005,14.0,92,0,2.24,snow
388,Aliaga,PH,2021-01-23 19:40:57,15.5167,120.8667,75.2,94,75,2.3,broken clouds
389,Tuatapere,NZ,2021-01-23 19:40:57,-46.1333,167.6833,53.01,88,98,5.01,overcast clouds
390,Asyut,EG,2021-01-23 19:40:57,27.181,31.1837,53.6,62,0,6.78,clear sky
391,Bonoua,CI,2021-01-23 19:40:57,5.2741,-3.595,82.4,83,20,4.61,few clouds
392,Mitsamiouli,KM,2021-01-23 19:40:58,-11.3847,43.2844,81.93,71,100,5.19,overcast clouds
393,Kushalgarh,IN,2021-01-23 19:40:58,23.199,74.4507,65.89,46,0,3.94,clear sky
394,Pandan,PH,2021-01-23 19:40:58,14.0453,124.1694,77.29,82,0,3.36,clear sky
395,Taoudenni,ML,2021-01-23 19:40:58,22.6783,-3.9836,68.81,19,0,9.93,clear sky
396,Labuhan,ID,2021-01-23 19:40:58,-6.8844,112.2051,78.53,82,100,5.08,moderate rain
397,Beira,MZ,2021-01-23 19:40:58,-19.8436,34.8389,79.88,84,100,14.72,overcast clouds
398,Puerto Leguizamo,CO,2021-01-23 19:40:58,-0.1934,-74.7819,88.9,50,28,4.12,scattered clouds
399,Bichura,RU,2021-01-23 19:40:59,50.5881,107.6022,9.99,92,100,2.17,overcast clouds
400,Paicandu,BR,2021-01-23 19:40:59,-23.4575,-52.0486,80.85,77,99,4.76,light rain
401,Phalaborwa,ZA,2021-01-23 19:40:59,-23.943,31.1411,75.2,94,100,11.5,light rain
402,Marion,US,2021-01-23 19:40:21,39.7684,-86.1555,33.01,51,1,3.44,clear sky
403,Cozumel,MX,2021-01-23 19:36:51,20.5083,-86.9458,82.99,69,75,6.91,broken clouds
404,Hit,IQ,2021-01-23 19:40:59,33.6416,42.8251,45.84,50,53,2.91,broken clouds
405,Ongwediva,NA,2021-01-23 19:40:59,-17.7833,15.7667,78.8,57,100,2.3,overcast clouds
406,Arrecife,ES,2021-01-23 19:40:51,28.963,-13.5477,64.4,72,20,9.22,few clouds
407,Farah,AF,2021-01-23 19:41:00,32.5,62.5,32.41,68,0,2.15,clear sky
408,Ocos,GT,2021-01-23 19:41:00,14.5094,-92.1933,89.6,58,40,6.91,scattered clouds
409,Eyl,SO,2021-01-23 19:41:00,7.9803,49.8164,74.35,69,100,17.47,overcast clouds
410,Gisborne,NZ,2021-01-23 19:41:00,-38.6533,178.0042,73.99,59,80,8.01,broken clouds
411,Adrar,MR,2021-01-23 19:41:00,20.5022,-10.0711,68.68,19,2,9.35,clear sky
412,Olot,ES,2021-01-23 19:41:00,42.181,2.4901,51.01,80,100,18.01,overcast clouds
413,Iuna,BR,2021-01-23 19:41:00,-20.3458,-41.5358,71.13,86,91,4.0,light rain
414,Turbat,PK,2021-01-23 19:41:01,26.0023,63.044,52.7,28,0,11.9,clear sky
415,Arman,RU,2021-01-23 19:41:01,59.7,150.1667,-16.67,79,0,8.59,clear sky
416,Viedma,AR,2021-01-23 19:40:24,-40.8135,-62.9967,81.03,38,45,24.94,scattered clouds
417,Muravlenko,RU,2021-01-23 19:37:24,63.7898,74.523,-45.67,78,35,9.04,scattered clouds
418,Qaqortoq,GL,2021-01-23 19:41:01,60.7167,-46.0333,28.4,31,1,18.41,clear sky
419,Aloleng,PH,2021-01-23 19:41:01,16.1307,119.7824,77.72,88,100,8.12,overcast clouds
420,Vytegra,RU,2021-01-23 19:41:01,61.0064,36.4481,33.3,96,100,5.59,overcast clouds
421,Urgut,UZ,2021-01-23 19:41:02,39.4022,67.2431,24.8,74,19,6.91,few clouds
422,Harrisonburg,US,2021-01-23 19:41:02,38.4496,-78.8689,39.99,30,1,9.22,clear sky
423,Melfi,IT,2021-01-23 19:41:02,40.9965,15.6514,41.0,81,73,15.99,broken clouds
424,Agapovka,RU,2021-01-23 19:41:02,53.2973,59.1348,-9.4,77,90,8.95,light snow
425,Vanimo,PG,2021-01-23 19:41:02,-2.6741,141.3028,77.88,78,96,3.31,overcast clouds
426,Tazovskiy,RU,2021-01-23 19:41:02,67.4667,78.7,-42.14,77,0,3.47,clear sky
427,Prince George,CA,2021-01-23 19:40:32,53.9166,-122.753,14.0,85,90,10.36,light snow
428,Yenagoa,NG,2021-01-23 19:40:04,4.9247,6.2642,79.34,77,100,6.46,overcast clouds
429,Sosnovka,RU,2021-01-23 19:41:03,56.255,51.2842,13.41,96,100,8.9,overcast clouds
430,Porto Velho,BR,2021-01-23 19:40:18,-8.7619,-63.9039,89.6,51,40,8.05,light rain
431,Denpasar,ID,2021-01-23 19:41:03,-8.65,115.2167,78.8,89,20,4.61,few clouds
432,Mehamn,NO,2021-01-23 19:41:03,71.0357,27.8492,21.38,94,100,27.56,light snow
433,Tailai,CN,2021-01-23 19:41:03,46.3833,123.4,10.31,94,0,0.89,clear sky
434,Bulalacao,PH,2021-01-23 19:41:03,12.3254,121.3435,78.26,80,44,0.72,scattered clouds
435,Najran,SA,2021-01-23 19:41:03,17.4924,44.1277,55.4,35,0,1.74,dust
436,Uruzgan,AF,2021-01-23 19:41:04,32.8333,66.0,29.8,68,0,7.9,clear sky
437,Tarko-Sale,RU,2021-01-23 19:41:04,64.9225,77.785,-44.61,75,0,8.43,clear sky
438,Trinidad,BO,2021-01-23 19:41:04,-14.8333,-64.9,84.2,74,75,6.91,light rain
439,Price,US,2021-01-23 19:41:04,39.5994,-110.8107,32.0,86,75,5.75,broken clouds
440,Baherden,TM,2021-01-23 19:41:04,38.4362,57.4316,34.14,78,11,7.67,few clouds
441,Kemin,KG,2021-01-23 19:41:04,42.7846,75.6892,18.14,87,100,4.52,light snow
442,Hay River,CA,2021-01-23 19:41:04,60.8156,-115.7999,-16.6,76,25,3.44,scattered clouds
443,Knoxville,US,2021-01-23 19:37:18,35.9606,-83.9207,46.99,27,1,8.05,clear sky
444,Deputatskiy,RU,2021-01-23 19:41:05,69.3,139.9,-35.64,85,100,1.05,overcast clouds
445,Elizabeth City,US,2021-01-23 19:36:25,36.2946,-76.2511,43.0,40,0,13.42,clear sky
446,Fort Nelson,CA,2021-01-23 19:41:05,58.8053,-122.7002,-0.4,78,90,5.75,light snow
447,Roald,NO,2021-01-23 19:41:05,62.5833,6.1333,37.4,87,75,11.5,light intensity drizzle
448,Liepaja,LV,2021-01-23 19:41:05,56.5419,21.0367,35.6,93,90,12.66,overcast clouds
449,Bata,GQ,2021-01-23 19:41:05,1.8639,9.7658,82.4,89,40,4.61,scattered clouds
450,Dali,CN,2021-01-23 19:41:05,25.7,100.1833,44.44,77,40,5.46,scattered clouds
451,Shepsi,RU,2021-01-23 19:41:06,44.0361,39.1489,47.57,53,0,5.28,clear sky
452,Mount Gambier,AU,2021-01-23 19:41:06,-37.8333,140.7667,62.6,82,100,4.61,overcast clouds
453,Rassvet,RU,2021-01-23 19:41:06,46.8333,40.75,33.4,90,100,8.39,overcast clouds
454,Mitu,CO,2021-01-23 19:41:06,1.1983,-70.1733,72.97,98,100,0.36,overcast clouds
455,Havoysund,NO,2021-01-23 19:41:06,70.9963,24.6622,15.8,73,90,23.02,overcast clouds
456,Grindavik,IS,2021-01-23 19:39:12,63.8424,-22.4338,30.2,74,75,32.21,broken clouds
457,Hellin,ES,2021-01-23 19:41:07,38.5106,-1.701,48.99,81,0,27.63,clear sky
458,Macau,MO,2021-01-23 19:41:07,22.2006,113.5461,64.4,94,60,5.75,mist
459,Sao Joao Dos Patos,BR,2021-01-23 19:41:07,-6.495,-43.7022,81.19,68,39,5.26,scattered clouds
460,Malanje,AO,2021-01-23 19:41:07,-9.5402,16.341,64.94,97,99,4.41,overcast clouds
461,Port Hardy,CA,2021-01-23 19:39:54,50.6996,-127.4199,37.4,87,90,2.3,overcast clouds
462,Sobolevo,RU,2021-01-23 19:41:07,54.4299,31.8996,32.65,97,100,10.13,overcast clouds
463,Tarrafal,CV,2021-01-23 19:41:07,15.2833,-23.7667,75.2,57,5,17.27,clear sky
464,Vadso,NO,2021-01-23 19:41:08,70.0744,29.7487,10.4,79,100,18.41,overcast clouds
465,Te Anau,NZ,2021-01-23 19:41:08,-45.4167,167.7167,51.84,86,100,6.98,overcast clouds
466,San Pedro,PH,2021-01-23 19:41:08,14.35,121.0167,78.8,89,40,1.14,scattered clouds
467,Killybegs,IE,2021-01-23 19:41:08,54.6333,-8.45,33.8,86,0,8.05,snow
468,Naze,JP,2021-01-23 19:41:08,28.3667,129.4833,62.04,89,25,11.34,scattered clouds
469,Laishevo,RU,2021-01-23 19:41:08,55.4046,49.5504,17.6,86,90,13.42,snow
470,Akyab,MM,2021-01-23 19:41:08,20.15,92.9,63.0,59,0,10.18,clear sky
471,Ilulissat,GL,2021-01-23 19:39:16,69.2167,-51.1,21.2,38,20,12.66,few clouds
472,Fukue,JP,2021-01-23 19:41:09,32.6881,128.8419,55.47,86,97,30.85,overcast clouds
473,Tacuarembo,UY,2021-01-23 19:41:09,-31.7333,-55.9833,92.1,36,10,8.25,clear sky
474,Lago Da Pedra,BR,2021-01-23 19:39:10,-4.3333,-45.1667,82.51,82,99,3.96,light rain
475,Buluang,PH,2021-01-23 19:41:09,13.3068,123.3425,74.86,87,64,1.74,broken clouds
476,Bogorodskoye,RU,2021-01-23 19:41:09,56.55,37.8833,33.01,98,100,6.2,overcast clouds
477,Acurenam,GQ,2021-01-23 19:41:09,1.0322,10.6488,69.21,97,98,4.41,overcast clouds
478,Hudson Bay,CA,2021-01-23 19:41:09,52.85,-102.3842,-7.92,86,100,8.99,overcast clouds
479,Gatesville,US,2021-01-23 19:41:10,31.4352,-97.7439,57.2,88,75,5.75,broken clouds
480,Provideniya,RU,2021-01-23 19:39:19,64.3833,-173.3,6.33,83,39,4.05,scattered clouds
481,Riberalta,BO,2021-01-23 19:41:10,-10.9833,-66.1,86.0,74,75,8.05,moderate rain
482,Podosinovets,RU,2021-01-23 19:41:10,60.2776,47.0659,8.17,95,100,8.5,light snow
483,Griffith,US,2021-01-23 19:41:10,41.5284,-87.4237,30.2,50,1,5.75,clear sky
484,Auki,SB,2021-01-23 19:41:10,-8.7676,160.7034,76.64,76,69,3.89,broken clouds
485,Baran,IN,2021-01-23 19:41:10,25.1,76.5167,63.39,49,0,7.96,clear sky
486,Senador Jose Porfirio,BR,2021-01-23 19:41:10,-2.5908,-51.9542,88.52,55,10,4.94,clear sky
487,Los Llanos De Aridane,ES,2021-01-23 19:41:11,28.6585,-17.9182,66.2,77,75,5.75,broken clouds
488,Matamoros,MX,2021-01-23 19:37:25,25.5333,-103.25,77.0,27,75,7.99,broken clouds
489,Rafaela,AR,2021-01-23 19:41:11,-31.2503,-61.4867,93.0,34,64,7.0,broken clouds
490,Kismayo,SO,2021-01-23 19:41:11,-0.3582,42.5454,77.81,85,4,15.79,clear sky
491,Lichtenburg,ZA,2021-01-23 19:41:11,-26.152,26.1597,73.38,27,69,5.66,broken clouds
492,North Battleford,CA,2021-01-23 19:37:59,52.7834,-108.2847,-11.2,70,1,9.22,clear sky
493,Rosetta,EG,2021-01-23 19:41:11,31.4044,30.4164,57.2,72,40,5.75,scattered clouds
494,Erzurum,TR,2021-01-23 19:41:11,40.0,41.5,-2.2,84,25,2.3,scattered clouds
495,San Quintin,MX,2021-01-23 19:41:12,30.4833,-115.95,59.27,59,79,11.23,broken clouds
496,Mormugao,IN,2021-01-23 19:41:12,15.4,73.8,76.28,79,0,11.65,clear sky
497,Alyangula,AU,2021-01-23 19:41:12,-13.8483,136.4192,77.0,100,75,3.44,broken clouds
498,Garowe,SO,2021-01-23 19:41:12,8.4054,48.4845,67.26,64,99,13.56,overcast clouds
499,Ust-Karsk,RU,2021-01-23 19:41:12,52.7011,118.8077,0.46,88,100,1.7,overcast clouds
500,Bairiki,KI,2021-01-23 19:41:12,1.3292,172.9752,77.0,83,75,5.75,broken clouds
501,Banjarmasin,ID,2021-01-23 19:39:55,-3.3244,114.591,75.2,88,90,4.61,overcast clouds
502,Bakel,SN,2021-01-23 19:41:12,14.905,-12.4568,79.09,13,98,10.0,overcast clouds
503,Aranda De Duero,ES,2021-01-23 19:41:13,41.6704,-3.6892,49.66,88,100,29.55,overcast clouds
504,Vardo,NO,2021-01-23 19:41:13,70.3705,31.1107,23.13,96,100,33.11,light snow
505,Campbeltown,GB,2021-01-23 19:41:13,55.4258,-5.6076,35.6,86,34,6.91,snow
506,Cairo,EG,2021-01-23 19:39:28,30.0626,31.2497,59.0,67,0,8.05,haze
507,Palmer,US,2021-01-23 19:41:13,42.1584,-72.3287,26.01,47,0,4.0,clear sky
508,Gopalpur,IN,2021-01-23 19:41:13,19.2667,84.9167,71.26,87,0,6.26,clear sky
509,Porto-Vecchio,FR,2021-01-23 19:41:13,41.591,9.2795,57.2,71,75,24.16,broken clouds
510,Benxi,CN,2021-01-23 19:41:14,41.2886,123.765,15.8,86,56,2.24,mist
511,Edson,CA,2021-01-23 19:41:14,53.5835,-116.4356,10.4,92,90,8.05,light snow
512,Mirabad,AF,2021-01-23 19:41:14,30.4362,61.8383,39.09,58,0,11.48,clear sky
513,Mihijam,IN,2021-01-23 19:41:14,23.8526,86.8788,56.03,53,0,2.95,clear sky
514,Kirakira,SB,2021-01-23 19:41:14,-10.4544,161.9205,80.91,74,100,6.17,overcast clouds
515,Tahe,CN,2021-01-23 19:41:14,52.3333,124.7333,-13.56,87,98,2.15,overcast clouds
516,Mugur-Aksy,RU,2021-01-23 19:41:14,50.35,90.5,-4.36,82,100,3.22,overcast clouds
517,Ruston,US,2021-01-23 19:41:15,32.5232,-92.6379,46.4,81,90,4.61,overcast clouds
518,Sabang,ID,2021-01-23 19:41:15,5.8933,95.3214,80.85,71,88,9.69,overcast clouds
519,Praia,CV,2021-01-23 19:41:15,14.9215,-23.5087,75.2,57,81,17.27,broken clouds
520,Taiyuan,CN,2021-01-23 19:41:15,37.8694,112.5603,23.0,63,100,2.24,overcast clouds
521,Xichang,CN,2021-01-23 19:37:12,27.8964,102.2634,41.9,73,11,0.87,few clouds
522,Winnemucca,US,2021-01-23 19:41:15,40.973,-117.7357,37.4,70,1,10.36,clear sky
523,Ponta Delgada,PT,2021-01-23 19:41:15,37.7333,-25.6667,63.0,94,75,8.05,light rain
524,Kenai,US,2021-01-23 19:40:45,60.5544,-151.2583,36.0,75,90,19.57,overcast clouds
525,Oktyabrskiy,RU,2021-01-23 19:41:16,54.4815,53.471,10.56,94,100,11.05,overcast clouds
526,Carsamba,TR,2021-01-23 19:41:16,41.1989,36.7219,48.2,37,0,5.75,clear sky
527,Udachnyy,RU,2021-01-23 19:41:16,66.4167,112.4,-40.25,79,83,3.18,broken clouds
528,San Jose,US,2021-01-23 19:37:07,37.3394,-121.895,53.01,71,40,9.22,scattered clouds
529,Ahuimanu,US,2021-01-23 19:41:16,21.4447,-157.8378,73.4,75,75,19.57,light rain
530,Yazoo City,US,2021-01-23 19:41:16,32.8551,-90.4056,57.2,58,90,5.79,overcast clouds
531,Prince Rupert,CA,2021-01-23 19:41:16,54.3161,-130.3201,35.6,86,90,6.91,overcast clouds
532,Zemio,CF,2021-01-23 19:41:17,5.0314,25.1361,77.7,31,25,2.86,scattered clouds
533,Douglas,US,2021-01-23 19:40:56,41.3,-96.167,30.99,43,90,11.5,light snow
534,Evensk,RU,2021-01-23 19:41:17,61.95,159.2333,-13.31,83,99,9.06,overcast clouds
535,Contamana,PE,2021-01-23 19:41:17,-7.3333,-75.0167,81.05,85,98,3.98,moderate rain
536,Wattegama,LK,2021-01-23 19:41:17,6.7989,81.4808,75.2,100,0,8.05,clear sky
537,Marechal Candido Rondon,BR,2021-01-23 19:41:17,-24.5561,-54.0567,79.54,79,100,3.2,overcast clouds
538,Kazaki,RU,2021-01-23 19:41:17,52.6248,38.2649,34.66,97,100,7.54,overcast clouds
539,Morehead,US,2021-01-23 19:41:18,37.2711,-87.1764,42.01,22,1,6.91,clear sky
540,Shingu,JP,2021-01-23 19:41:18,33.7333,135.9833,53.49,91,100,13.56,light rain
541,Avera,US,2021-01-23 19:41:18,33.194,-82.5271,59.0,36,1,4.61,clear sky
542,Port Lincoln,AU,2021-01-23 19:36:31,-34.7333,135.8667,75.65,45,100,5.93,overcast clouds
543,Goderich,CA,2021-01-23 19:38:05,43.7501,-81.7165,21.2,93,100,11.5,overcast clouds
544,Liku,ID,2021-01-23 19:41:18,-0.7275,119.8922,76.03,78,100,1.23,light rain
545,Kurmanayevka,RU,2021-01-23 19:41:18,52.5093,52.0675,19.56,97,100,10.49,light snow
546,Dandong,CN,2021-01-23 19:41:18,40.1292,124.3947,30.02,95,0,2.44,clear sky
547,Alexandria,EG,2021-01-23 19:39:36,31.2156,29.9553,57.2,72,40,5.75,scattered clouds
548,Sooke,CA,2021-01-23 19:41:19,48.3746,-123.7276,39.2,63,0,6.91,clear sky
549,Rubizhne,UA,2021-01-23 19:41:19,49.0123,38.3797,36.93,91,99,10.22,overcast clouds
550,Alugan,PH,2021-01-23 19:38:57,12.2188,125.4808,78.53,84,56,4.65,broken clouds
551,Quatre Cocos,MU,2021-01-23 19:39:02,-20.2078,57.7625,79.0,83,40,5.75,scattered clouds
552,Karratha,AU,2021-01-23 19:41:19,-20.7377,116.8463,83.35,48,0,14.83,clear sky
553,Kupang,ID,2021-01-23 19:41:19,-10.1667,123.5833,80.46,79,100,6.73,overcast clouds
554,Angoche,MZ,2021-01-23 19:41:20,-16.2325,39.9086,80.24,87,100,7.87,overcast clouds
555,Shirdi,IN,2021-01-23 19:41:20,19.7667,74.4833,69.15,46,0,7.45,clear sky
556,Passage West,IE,2021-01-23 19:41:20,51.8739,-8.3444,37.99,100,90,4.61,light rain
557,Fare,PF,2021-01-23 19:41:20,-16.7,-151.0167,80.92,71,0,13.22,clear sky
558,Clifton,US,2021-01-23 19:36:41,40.8584,-74.1638,33.01,37,1,21.85,clear sky
559,Maarianhamina,AX,2021-01-23 19:41:20,60.0973,19.9348,37.4,87,0,8.05,clear sky
560,Cairns,AU,2021-01-23 19:41:20,-16.9167,145.7667,77.0,78,72,10.36,broken clouds
561,Ozinki,RU,2021-01-23 19:41:20,51.1786,49.6769,32.95,96,100,11.59,overcast clouds
562,San Juan,AR,2021-01-23 19:39:07,-31.5375,-68.5364,99.84,12,0,7.52,clear sky
563,Kamenka,RU,2021-01-23 19:41:21,51.3223,42.7678,33.3,96,100,9.4,overcast clouds
564,Lodja,CD,2021-01-23 19:41:21,-3.4833,23.4333,72.16,90,84,0.49,moderate rain
565,Laizhou,CN,2021-01-23 19:41:21,37.1717,119.9214,28.33,93,15,1.79,few clouds
566,Tigil,RU,2021-01-23 19:41:21,57.8,158.6667,-6.84,91,100,0.22,overcast clouds
567,Norman Wells,CA,2021-01-23 19:41:21,65.282,-126.8329,-18.4,76,75,5.75,broken clouds
568,Syava,RU,2021-01-23 19:41:21,58.0146,46.3222,22.3,98,100,6.46,light snow
569,Oranjemund,NA,2021-01-23 19:41:21,-28.55,16.4333,64.54,81,93,15.75,overcast clouds
570,Narasannapeta,IN,2021-01-23 19:37:05,18.4167,84.05,72.28,87,28,3.09,scattered clouds
571,Sola,VU,2021-01-23 19:41:22,-13.8833,167.55,81.88,79,90,11.05,overcast clouds
572,Mehran,IR,2021-01-23 19:41:22,33.1222,46.1646,32.0,69,0,4.61,clear sky
573,Yeniseysk,RU,2021-01-23 19:41:22,58.4497,92.1703,-4.54,91,100,4.25,overcast clouds
574,Tessaoua,NE,2021-01-23 19:41:22,13.7574,7.9874,68.95,20,0,10.69,clear sky
575,Nayudupeta,IN,2021-01-23 19:41:22,13.9,79.9,69.91,78,0,4.34,clear sky
576,Piacabucu,BR,2021-01-23 19:41:22,-10.4056,-36.4344,79.93,73,95,10.92,moderate rain
577,Termiz,UZ,2021-01-23 19:41:22,37.2242,67.2783,24.8,80,0,6.91,clear sky
578,Horsens,DK,2021-01-23 19:41:23,55.8607,9.8503,37.99,88,65,1.01,broken clouds
579,Harrisonville,US,2021-01-23 19:41:23,38.6533,-94.3488,39.0,35,90,8.05,overcast clouds
580,Lethem,GY,2021-01-23 19:41:23,3.3803,-59.7968,90.43,47,24,13.18,few clouds
581,Mlonggo,ID,2021-01-23 19:41:23,-6.5333,110.7,77.5,86,100,5.93,light rain
582,Xinyu,CN,2021-01-23 19:41:23,27.8043,114.9334,45.52,88,0,3.27,clear sky
583,Ndjole,GA,2021-01-23 19:41:23,-0.1783,10.7649,75.58,92,99,1.83,overcast clouds
584,Vanderhoof,CA,2021-01-23 19:41:23,54.0166,-124.0198,12.29,91,100,2.46,overcast clouds
585,Kijang,KR,2021-01-23 19:41:23,35.2442,129.2139,50.0,57,75,11.5,broken clouds
586,Morant Bay,JM,2021-01-23 19:41:24,17.8815,-76.4093,86.0,66,20,5.75,few clouds
587,Rabo De Peixe,PT,2021-01-23 19:41:24,37.8,-25.5833,63.0,94,75,8.05,light rain
588,Patan,NP,2021-01-23 19:41:24,27.6667,85.3333,46.4,93,20,3.44,mist
589,Saint-Louis,SN,2021-01-23 19:41:24,16.3333,-15.0,84.2,14,0,2.3,clear sky
590,Tselinnoye,RU,2021-01-23 19:41:24,53.0833,85.6667,7.38,94,100,11.41,overcast clouds
591,Pierre,US,2021-01-23 19:41:24,44.3683,-100.351,30.99,86,90,9.22,light snow
592,Ambikapur,IN,2021-01-23 19:41:24,23.1167,83.2,56.21,38,0,3.4,clear sky
593,Kenora,CA,2021-01-23 19:41:21,49.8167,-94.4337,17.6,86,90,11.5,light snow
594,Poum,NC,2021-01-23 19:41:25,-20.2333,164.0167,79.5,78,100,11.34,overcast clouds
595,Ormara,PK,2021-01-23 19:41:25,25.2088,64.6357,62.44,30,0,23.04,clear sky
596,Zmeinogorsk,RU,2021-01-23 19:41:25,51.1567,82.195,5.5,94,100,12.35,light snow
597,Orai,IN,2021-01-23 19:41:25,25.9833,79.4667,56.08,48,0,6.2,clear sky
598,San Luis,AR,2021-01-23 19:38:49,-33.295,-66.3356,95.02,19,0,11.43,clear sky
599,Staraya Kulatka,RU,2021-01-23 19:41:25,52.7167,47.6167,34.41,96,100,8.08,light snow
600,Namatanai,PG,2021-01-23 19:38:57,-3.6667,152.4333,79.48,77,90,4.65,overcast clouds
601,Powell,US,2021-01-23 19:41:25,40.1578,-83.0752,30.99,40,1,3.91,clear sky
602,Lafia,NG,2021-01-23 19:41:25,8.4833,8.5167,81.63,16,99,5.14,overcast clouds
603,Vostok,RU,2021-01-23 19:41:26,46.4856,135.8833,3.63,87,0,5.3,clear sky
604,Santa Rosa,PH,2021-01-23 19:41:26,14.3122,121.1114,78.8,89,40,1.14,scattered clouds
605,Kamaishi,JP,2021-01-23 19:37:23,39.2667,141.8833,33.35,88,100,6.04,overcast clouds
606,Tual,ID,2021-01-23 19:41:26,-5.6667,132.75,83.26,77,98,13.18,moderate rain
607,Laguna,US,2021-01-23 19:39:09,38.421,-121.4238,52.0,76,40,12.66,scattered clouds
608,Te Horo,NZ,2021-01-23 19:41:26,-40.8084,175.1233,64.99,86,100,5.01,overcast clouds
609,Tura,IN,2021-01-23 19:41:26,25.5198,90.2201,57.0,65,100,2.06,overcast clouds
610,Nhulunbuy,AU,2021-01-23 19:41:26,-12.2333,136.7667,77.0,100,90,5.75,overcast clouds
611,Niamey,NE,2021-01-23 19:41:27,13.5137,2.1098,82.4,12,0,4.61,clear sky
612,Synya,RU,2021-01-23 19:41:27,65.3718,58.0387,-18.49,84,100,3.87,overcast clouds
613,Bonnyville,CA,2021-01-23 19:41:27,54.2668,-110.735,-14.8,58,20,0.25,few clouds
614,Hearst,CA,2021-01-23 19:41:27,49.6835,-83.6665,5.0,66,99,3.44,overcast clouds
615,Sibu,MY,2021-01-23 19:41:27,2.3,111.8167,77.0,94,40,2.3,scattered clouds
616,Olga,RU,2021-01-23 19:41:27,43.7444,135.2892,13.24,89,0,4.32,clear sky
617,Irtyshskiy,RU,2021-01-23 19:41:27,58.3333,68.1333,-38.49,82,7,2.33,clear sky
618,Simiti,CO,2021-01-23 19:41:28,7.9579,-73.9436,96.26,35,99,4.54,overcast clouds
619,Hervey Bay,AU,2021-01-23 19:41:28,-25.2986,152.8535,71.01,88,62,8.05,broken clouds
620,Basoko,CD,2021-01-23 19:41:28,1.2391,23.616,78.15,52,24,3.76,few clouds
621,Kuching,MY,2021-01-23 19:41:28,1.55,110.3333,78.8,94,40,2.3,scattered clouds
622,Moussoro,TD,2021-01-23 19:41:28,13.6408,16.4901,72.36,18,0,11.59,clear sky
623,Ranau,MY,2021-01-23 19:41:28,5.9538,116.6641,77.0,88,20,4.61,few clouds
624,Newport,GB,2021-01-23 19:41:28,51.5877,-2.9984,32.0,88,34,4.56,scattered clouds
625,Jaguaquara,BR,2021-01-23 19:41:28,-13.5306,-39.9708,72.48,81,100,6.6,light rain
626,Santa Luzia,BR,2021-01-23 19:41:29,-19.7697,-43.8514,82.4,42,40,11.5,scattered clouds
627,Teahupoo,PF,2021-01-23 19:41:29,-17.8333,-149.2667,86.0,66,20,4.61,light rain
628,Ulkan,RU,2021-01-23 19:41:29,57.243,107.3223,-18.81,84,86,2.15,overcast clouds
629,Kulhudhuffushi,MV,2021-01-23 19:41:29,6.6221,73.07,81.7,73,27,8.5,scattered clouds
630,Hammerfest,NO,2021-01-23 19:41:29,70.6634,23.6821,15.8,73,90,23.02,overcast clouds
631,Santa Maria Del Oro,MX,2021-01-23 19:41:29,25.9333,-105.3667,77.36,17,0,27.29,clear sky
632,Tapes,BR,2021-01-23 19:41:29,-30.6733,-51.3958,80.37,71,1,12.88,clear sky
633,Turukhansk,RU,2021-01-23 19:41:29,65.8167,87.9833,-38.87,75,13,7.43,few clouds
634,Xiaoshi,CN,2021-01-23 19:41:30,41.2971,124.1209,15.8,86,0,2.24,mist
635,Huilong,CN,2021-01-23 19:41:30,31.8111,121.655,44.01,78,10,1.99,clear sky
636,Durban,ZA,2021-01-23 19:41:10,-29.8579,31.0292,80.01,88,20,5.75,few clouds
637,Xining,CN,2021-01-23 19:40:08,36.6167,101.7667,22.05,66,100,2.95,overcast clouds
638,Ola,RU,2021-01-23 19:41:30,59.5833,151.2833,-15.12,81,0,9.24,clear sky
639,Novo Lino,BR,2021-01-23 19:41:30,-8.915,-35.6467,82.4,65,75,12.66,heavy intensity rain
640,Lingyuan,CN,2021-01-23 19:41:30,41.24,119.4011,18.18,87,95,2.37,overcast clouds
641,Ca Mau,VN,2021-01-23 19:41:30,9.1769,105.15,73.69,88,69,4.85,broken clouds
642,Dahra,DZ,2021-01-23 19:41:31,36.2546,0.8519,55.4,67,20,23.02,few clouds
643,Tezu,IN,2021-01-23 19:41:31,27.9167,96.1667,61.34,48,56,2.84,broken clouds
644,Altay,CN,2021-01-23 19:39:12,47.8667,88.1167,0.18,76,80,2.15,broken clouds
645,Rundu,NA,2021-01-23 19:41:31,-17.9333,19.7667,70.97,84,100,2.26,light rain
646,Redmond,US,2021-01-23 19:41:31,47.674,-122.1215,39.99,82,1,1.01,clear sky
647,Yarkovo,RU,2021-01-23 19:41:31,57.4028,67.0786,-34.6,82,22,2.28,few clouds
648,Podporozhye,RU,2021-01-23 19:41:31,60.9112,34.1706,33.6,95,100,6.64,overcast clouds
649,Verkhniye Tatyshly,RU,2021-01-23 19:41:32,56.2912,55.8575,6.4,95,100,10.13,snow
650,Florence,IT,2021-01-23 19:41:32,43.7667,11.25,51.01,87,75,5.75,light rain
651,Hobyo,SO,2021-01-23 19:41:32,5.3505,48.5268,76.98,72,96,20.71,overcast clouds
652,Marfino,RU,2021-01-23 19:41:32,55.7028,37.3822,35.01,93,90,4.47,fog
653,Haicheng,CN,2021-01-23 19:41:32,40.8516,122.7475,24.8,93,11,2.84,few clouds
654,Kandrian,PG,2021-01-23 19:41:33,-6.2167,149.55,76.95,78,100,9.13,overcast clouds
655,Nelson Bay,AU,2021-01-23 19:39:36,-32.7167,152.15,70.0,77,0,11.12,clear sky
656,Rasinari,RO,2021-01-23 19:41:33,45.7,24.0667,50.0,50,0,8.05,clear sky
